revision	round	side	workload	batch_index	latency_ns
V1	1	1	dense_colour	1	2936795
V1	1	1	dense_colour	2	2906791
V1	1	1	dense_colour	3	2940012
V1	1	1	dense_colour	4	2952370
V1	1	1	dense_colour	5	2960016
V1	1	1	dense_colour	6	2943304
V1	1	1	dense_colour	7	2963104
V1	1	1	dense_colour	8	2946800
V1	1	1	dense_colour	9	2859833
V1	1	1	dense_colour	10	2916150
V1	1	1	dense_colour	11	2882175
V1	1	1	dense_colour	12	3092670
V1	1	1	dense_colour	13	3010054
V1	1	1	dense_colour	14	2874887
V1	1	1	dense_colour	15	2883225
V1	1	1	dense_colour	16	3015429
V1	1	1	dense_colour	17	2971120
V1	1	1	dense_colour	18	2944645
V1	1	1	dense_colour	19	2959754
V1	1	1	dense_colour	20	2920654
V1	1	1	dense_colour	21	2916987
V1	1	1	dense_colour	22	2913908
V1	1	1	dense_colour	23	2892570
V1	1	1	dense_colour	24	2945379
V1	1	1	dense_colour	25	2921316
V1	1	1	dense_colour	26	2920245
V1	1	1	dense_colour	27	2892904
V1	1	1	dense_colour	28	2876541
V1	1	1	dense_colour	29	2877058
V1	1	1	dense_colour	30	2924412
V1	1	1	dense_colour	31	2963004
V1	1	1	dense_colour	32	2974958
V1	1	1	dense_colour	33	2963470
V1	1	1	dense_colour	34	2891141
V1	1	1	dense_colour	35	2885620
V1	1	1	dense_colour	36	2920595
V1	1	1	dense_colour	37	2849129
V1	1	1	dense_colour	38	2857879
V1	1	1	dense_colour	39	2887062
V1	1	1	dense_colour	40	2927450
V1	1	1	dense_colour	41	2928125
V1	1	1	dense_colour	42	2963208
V1	1	1	dense_colour	43	2964420
V1	1	1	dense_colour	44	2962862
V1	1	1	dense_colour	45	2993762
V1	1	1	dense_colour	46	2983150
V1	1	1	dense_colour	47	2958433
V1	1	1	dense_colour	48	2921283
V1	1	1	dense_colour	49	2921370
V1	1	1	dense_colour	50	2959354
V1	1	1	dense_colour	51	2968850
V1	1	1	dense_colour	52	2965720
V1	1	1	dense_colour	53	2965283
V1	1	1	dense_colour	54	2911345
V1	1	1	dense_colour	55	2958116
V1	1	1	dense_colour	56	2948008
V1	1	1	dense_colour	57	2948279
V1	1	1	dense_colour	58	2903020
V1	1	1	dense_colour	59	2919054
V1	1	1	dense_colour	60	2900575
V1	1	1	dense_colour	61	2893479
V1	1	1	dense_colour	62	2887816
V1	1	1	dense_colour	63	2851862
V1	1	1	dense_colour	64	2859795
V1	1	1	dense_colour	65	3195979
V1	1	1	dense_colour	66	2969450
V1	1	1	dense_colour	67	2906441
V1	1	1	dense_colour	68	2920908
V1	1	1	dense_colour	69	2912116
V1	1	1	dense_colour	70	2951983
V1	1	1	dense_colour	71	2934875
V1	1	1	dense_colour	72	2926812
V1	1	1	dense_colour	73	2901212
V1	1	1	dense_colour	74	2929308
V1	1	1	dense_colour	75	2974420
V1	1	1	dense_colour	76	2931883
V1	1	1	dense_colour	77	2925712
V1	1	1	dense_colour	78	2968941
V1	1	1	dense_colour	79	2973079
V1	1	1	dense_colour	80	2970629
V1	1	1	dense_colour	81	2982012
V1	1	1	dense_colour	82	2972925
V1	1	1	dense_colour	83	2960329
V1	1	1	dense_colour	84	2983166
V1	1	1	dense_colour	85	2975025
V1	1	1	dense_colour	86	2952379
V1	1	1	dense_colour	87	2964675
V1	1	1	dense_colour	88	2964354
V1	1	1	dense_colour	89	2954729
V1	1	1	dense_colour	90	2973795
V1	1	1	dense_colour	91	2931929
V1	1	1	dense_colour	92	2905729
V1	1	1	dense_colour	93	2913645
V1	1	1	dense_colour	94	2877787
V1	1	1	dense_colour	95	2902362
V1	1	1	dense_colour	96	2894845
V1	1	1	dense_colour	97	2916650
V1	1	1	dense_colour	98	2937204
V1	1	1	dense_colour	99	2928262
V1	1	1	dense_colour	100	2924758
V1	1	1	plain_scroll	1	1438750
V1	1	1	plain_scroll	2	1396162
V1	1	1	plain_scroll	3	1433600
V1	1	1	plain_scroll	4	1377195
V1	1	1	plain_scroll	5	1373470
V1	1	1	plain_scroll	6	1382050
V1	1	1	plain_scroll	7	1399862
V1	1	1	plain_scroll	8	1416841
V1	1	1	plain_scroll	9	1416716
V1	1	1	plain_scroll	10	1405741
V1	1	1	plain_scroll	11	1414920
V1	1	1	plain_scroll	12	1421966
V1	1	1	plain_scroll	13	1403741
V1	1	1	plain_scroll	14	1383012
V1	1	1	plain_scroll	15	1380329
V1	1	1	plain_scroll	16	1367308
V1	1	1	plain_scroll	17	1364212
V1	1	1	plain_scroll	18	1361683
V1	1	1	plain_scroll	19	1357987
V1	1	1	plain_scroll	20	1351708
V1	1	1	plain_scroll	21	1359050
V1	1	1	plain_scroll	22	1364016
V1	1	1	plain_scroll	23	1359637
V1	1	1	plain_scroll	24	1352816
V1	1	1	plain_scroll	25	1350866
V1	1	1	plain_scroll	26	1344650
V1	1	1	plain_scroll	27	1394220
V1	1	1	plain_scroll	28	1401212
V1	1	1	plain_scroll	29	1397133
V1	1	1	plain_scroll	30	1354562
V1	1	1	plain_scroll	31	1399141
V1	1	1	plain_scroll	32	1398004
V1	1	1	plain_scroll	33	1415162
V1	1	1	plain_scroll	34	1422829
V1	1	1	plain_scroll	35	1742983
V1	1	1	plain_scroll	36	1787679
V1	1	1	plain_scroll	37	1769791
V1	1	1	plain_scroll	38	1493179
V1	1	1	plain_scroll	39	1398495
V1	1	1	plain_scroll	40	1424395
V1	1	1	plain_scroll	41	1416966
V1	1	1	plain_scroll	42	1413429
V1	1	1	plain_scroll	43	1425654
V1	1	1	plain_scroll	44	1401995
V1	1	1	plain_scroll	45	1446750
V1	1	1	plain_scroll	46	1436145
V1	1	1	plain_scroll	47	1416341
V1	1	1	plain_scroll	48	1410133
V1	1	1	plain_scroll	49	1405050
V1	1	1	plain_scroll	50	1399679
V1	1	1	plain_scroll	51	1404762
V1	1	1	plain_scroll	52	1394125
V1	1	1	plain_scroll	53	1387887
V1	1	1	plain_scroll	54	1384858
V1	1	1	plain_scroll	55	1390733
V1	1	1	plain_scroll	56	1384129
V1	1	1	plain_scroll	57	1413262
V1	1	1	plain_scroll	58	1425608
V1	1	1	plain_scroll	59	1422483
V1	1	1	plain_scroll	60	1412720
V1	1	1	plain_scroll	61	1447050
V1	1	1	plain_scroll	62	1392975
V1	1	1	plain_scroll	63	1384120
V1	1	1	plain_scroll	64	1425220
V1	1	1	plain_scroll	65	1442120
V1	1	1	plain_scroll	66	1433029
V1	1	1	plain_scroll	67	1429658
V1	1	1	plain_scroll	68	1423233
V1	1	1	plain_scroll	69	1428070
V1	1	1	plain_scroll	70	1438258
V1	1	1	plain_scroll	71	1446154
V1	1	1	plain_scroll	72	1429058
V1	1	1	plain_scroll	73	1421475
V1	1	1	plain_scroll	74	1423654
V1	1	1	plain_scroll	75	1422620
V1	1	1	plain_scroll	76	1420475
V1	1	1	plain_scroll	77	1416220
V1	1	1	plain_scroll	78	1426225
V1	1	1	plain_scroll	79	1420479
V1	1	1	plain_scroll	80	1429029
V1	1	1	plain_scroll	81	1423162
V1	1	1	plain_scroll	82	1425475
V1	1	1	plain_scroll	83	1427804
V1	1	1	plain_scroll	84	1413779
V1	1	1	plain_scroll	85	1419775
V1	1	1	plain_scroll	86	1418883
V1	1	1	plain_scroll	87	1415437
V1	1	1	plain_scroll	88	1405470
V1	1	1	plain_scroll	89	1407895
V1	1	1	plain_scroll	90	1408950
V1	1	1	plain_scroll	91	1414529
V1	1	1	plain_scroll	92	1406525
V1	1	1	plain_scroll	93	1405720
V1	1	1	plain_scroll	94	1403070
V1	1	1	plain_scroll	95	1400095
V1	1	1	plain_scroll	96	1395341
V1	1	1	plain_scroll	97	1427020
V1	1	1	plain_scroll	98	1428820
V1	1	1	plain_scroll	99	1432866
V1	1	1	plain_scroll	100	1441920
V1	1	1	sparse_edit	1	99166
V1	1	1	sparse_edit	2	99720
V1	1	1	sparse_edit	3	99670
V1	1	1	sparse_edit	4	100250
V1	1	1	sparse_edit	5	99320
V1	1	1	sparse_edit	6	101008
V1	1	1	sparse_edit	7	99312
V1	1	1	sparse_edit	8	100537
V1	1	1	sparse_edit	9	99433
V1	1	1	sparse_edit	10	99045
V1	1	1	sparse_edit	11	100070
V1	1	1	sparse_edit	12	99987
V1	1	1	sparse_edit	13	99720
V1	1	1	sparse_edit	14	100025
V1	1	1	sparse_edit	15	100145
V1	1	1	sparse_edit	16	99691
V1	1	1	sparse_edit	17	100279
V1	1	1	sparse_edit	18	99462
V1	1	1	sparse_edit	19	100429
V1	1	1	sparse_edit	20	99670
V1	1	1	sparse_edit	21	100645
V1	1	1	sparse_edit	22	100404
V1	1	1	sparse_edit	23	101525
V1	1	1	sparse_edit	24	100066
V1	1	1	sparse_edit	25	101850
V1	1	1	sparse_edit	26	101500
V1	1	1	sparse_edit	27	100987
V1	1	1	sparse_edit	28	100937
V1	1	1	sparse_edit	29	100904
V1	1	1	sparse_edit	30	101716
V1	1	1	sparse_edit	31	100945
V1	1	1	sparse_edit	32	99554
V1	1	1	sparse_edit	33	99775
V1	1	1	sparse_edit	34	100537
V1	1	1	sparse_edit	35	99970
V1	1	1	sparse_edit	36	99408
V1	1	1	sparse_edit	37	99762
V1	1	1	sparse_edit	38	99075
V1	1	1	sparse_edit	39	98987
V1	1	1	sparse_edit	40	99008
V1	1	1	sparse_edit	41	99525
V1	1	1	sparse_edit	42	99087
V1	1	1	sparse_edit	43	99695
V1	1	1	sparse_edit	44	101000
V1	1	1	sparse_edit	45	101362
V1	1	1	sparse_edit	46	101241
V1	1	1	sparse_edit	47	100895
V1	1	1	sparse_edit	48	99779
V1	1	1	sparse_edit	49	99383
V1	1	1	sparse_edit	50	99200
V1	1	1	sparse_edit	51	99820
V1	1	1	sparse_edit	52	101912
V1	1	1	sparse_edit	53	101383
V1	1	1	sparse_edit	54	100379
V1	1	1	sparse_edit	55	102333
V1	1	1	sparse_edit	56	101604
V1	1	1	sparse_edit	57	100145
V1	1	1	sparse_edit	58	99437
V1	1	1	sparse_edit	59	100625
V1	1	1	sparse_edit	60	100366
V1	1	1	sparse_edit	61	100079
V1	1	1	sparse_edit	62	101166
V1	1	1	sparse_edit	63	103658
V1	1	1	sparse_edit	64	101425
V1	1	1	sparse_edit	65	99895
V1	1	1	sparse_edit	66	99437
V1	1	1	sparse_edit	67	100579
V1	1	1	sparse_edit	68	100525
V1	1	1	sparse_edit	69	100345
V1	1	1	sparse_edit	70	100641
V1	1	1	sparse_edit	71	99533
V1	1	1	sparse_edit	72	99145
V1	1	1	sparse_edit	73	102100
V1	1	1	sparse_edit	74	100300
V1	1	1	sparse_edit	75	99566
V1	1	1	sparse_edit	76	99129
V1	1	1	sparse_edit	77	99016
V1	1	1	sparse_edit	78	99866
V1	1	1	sparse_edit	79	100604
V1	1	1	sparse_edit	80	100029
V1	1	1	sparse_edit	81	99458
V1	1	1	sparse_edit	82	100225
V1	1	1	sparse_edit	83	101458
V1	1	1	sparse_edit	84	100300
V1	1	1	sparse_edit	85	100979
V1	1	1	sparse_edit	86	101083
V1	1	1	sparse_edit	87	100950
V1	1	1	sparse_edit	88	100950
V1	1	1	sparse_edit	89	101279
V1	1	1	sparse_edit	90	100966
V1	1	1	sparse_edit	91	100208
V1	1	1	sparse_edit	92	100329
V1	1	1	sparse_edit	93	100312
V1	1	1	sparse_edit	94	99562
V1	1	1	sparse_edit	95	99570
V1	1	1	sparse_edit	96	99433
V1	1	1	sparse_edit	97	99295
V1	1	1	sparse_edit	98	99529
V1	1	1	sparse_edit	99	99037
V1	1	1	sparse_edit	100	100250
V1	1	1	full_redraw	1	1326600
V1	1	1	full_redraw	2	1316275
V1	1	1	full_redraw	3	1319587
V1	1	1	full_redraw	4	1330812
V1	1	1	full_redraw	5	1349891
V1	1	1	full_redraw	6	1356658
V1	1	1	full_redraw	7	1341641
V1	1	1	full_redraw	8	1328216
V1	1	1	full_redraw	9	1316566
V1	1	1	full_redraw	10	1314641
V1	1	1	full_redraw	11	1323637
V1	1	1	full_redraw	12	1310625
V1	1	1	full_redraw	13	1311800
V1	1	1	full_redraw	14	1335683
V1	1	1	full_redraw	15	1378733
V1	1	1	full_redraw	16	1369966
V1	1	1	full_redraw	17	1383129
V1	1	1	full_redraw	18	1379445
V1	1	1	full_redraw	19	1352279
V1	1	1	full_redraw	20	1375933
V1	1	1	full_redraw	21	1353133
V1	1	1	full_redraw	22	1365491
V1	1	1	full_redraw	23	1361795
V1	1	1	full_redraw	24	1345504
V1	1	1	full_redraw	25	1324333
V1	1	1	full_redraw	26	1336616
V1	1	1	full_redraw	27	1319883
V1	1	1	full_redraw	28	1309975
V1	1	1	full_redraw	29	1331008
V1	1	1	full_redraw	30	1334454
V1	1	1	full_redraw	31	1365675
V1	1	1	full_redraw	32	1357712
V1	1	1	full_redraw	33	1345925
V1	1	1	full_redraw	34	1373387
V1	1	1	full_redraw	35	1320004
V1	1	1	full_redraw	36	1384620
V1	1	1	full_redraw	37	1396675
V1	1	1	full_redraw	38	1351337
V1	1	1	full_redraw	39	1345183
V1	1	1	full_redraw	40	1342908
V1	1	1	full_redraw	41	1342329
V1	1	1	full_redraw	42	1341520
V1	1	1	full_redraw	43	1335891
V1	1	1	full_redraw	44	1337879
V1	1	1	full_redraw	45	1331770
V1	1	1	full_redraw	46	1330366
V1	1	1	full_redraw	47	1341750
V1	1	1	full_redraw	48	1320250
V1	1	1	full_redraw	49	1336591
V1	1	1	full_redraw	50	1343787
V1	1	1	full_redraw	51	1341608
V1	1	1	full_redraw	52	1321316
V1	1	1	full_redraw	53	1356166
V1	1	1	full_redraw	54	1343979
V1	1	1	full_redraw	55	1345741
V1	1	1	full_redraw	56	1344033
V1	1	1	full_redraw	57	1341537
V1	1	1	full_redraw	58	1335645
V1	1	1	full_redraw	59	1345833
V1	1	1	full_redraw	60	1338362
V1	1	1	full_redraw	61	1342433
V1	1	1	full_redraw	62	1335716
V1	1	1	full_redraw	63	1330241
V1	1	1	full_redraw	64	1326112
V1	1	1	full_redraw	65	1342237
V1	1	1	full_redraw	66	1333929
V1	1	1	full_redraw	67	1336804
V1	1	1	full_redraw	68	1328416
V1	1	1	full_redraw	69	1332470
V1	1	1	full_redraw	70	1342512
V1	1	1	full_redraw	71	1354629
V1	1	1	full_redraw	72	1344883
V1	1	1	full_redraw	73	1319158
V1	1	1	full_redraw	74	1352125
V1	1	1	full_redraw	75	1300950
V1	1	1	full_redraw	76	1356858
V1	1	1	full_redraw	77	1344879
V1	1	1	full_redraw	78	1340108
V1	1	1	full_redraw	79	1300437
V1	1	1	full_redraw	80	1333995
V1	1	1	full_redraw	81	1333225
V1	1	1	full_redraw	82	1323562
V1	1	1	full_redraw	83	1316408
V1	1	1	full_redraw	84	1318020
V1	1	1	full_redraw	85	1402454
V1	1	1	full_redraw	86	1391879
V1	1	1	full_redraw	87	1380416
V1	1	1	full_redraw	88	1347150
V1	1	1	full_redraw	89	1366979
V1	1	1	full_redraw	90	1371162
V1	1	1	full_redraw	91	1375487
V1	1	1	full_redraw	92	1376087
V1	1	1	full_redraw	93	1373187
V1	1	1	full_redraw	94	1353662
V1	1	1	full_redraw	95	1365237
V1	1	1	full_redraw	96	1360500
V1	1	1	full_redraw	97	1356441
V1	1	1	full_redraw	98	1346933
V1	1	1	full_redraw	99	1344162
V1	1	1	full_redraw	100	1342404
V3	1	2	dense_colour	1	164133
V3	1	2	dense_colour	2	163883
V3	1	2	dense_colour	3	164825
V3	1	2	dense_colour	4	163883
V3	1	2	dense_colour	5	163812
V3	1	2	dense_colour	6	164145
V3	1	2	dense_colour	7	164116
V3	1	2	dense_colour	8	164216
V3	1	2	dense_colour	9	164295
V3	1	2	dense_colour	10	164020
V3	1	2	dense_colour	11	164141
V3	1	2	dense_colour	12	164033
V3	1	2	dense_colour	13	164025
V3	1	2	dense_colour	14	167454
V3	1	2	dense_colour	15	163662
V3	1	2	dense_colour	16	163608
V3	1	2	dense_colour	17	163645
V3	1	2	dense_colour	18	163550
V3	1	2	dense_colour	19	163662
V3	1	2	dense_colour	20	163700
V3	1	2	dense_colour	21	163441
V3	1	2	dense_colour	22	163579
V3	1	2	dense_colour	23	163362
V3	1	2	dense_colour	24	163341
V3	1	2	dense_colour	25	163370
V3	1	2	dense_colour	26	164791
V3	1	2	dense_colour	27	163308
V3	1	2	dense_colour	28	164125
V3	1	2	dense_colour	29	163779
V3	1	2	dense_colour	30	163545
V3	1	2	dense_colour	31	166520
V3	1	2	dense_colour	32	163562
V3	1	2	dense_colour	33	163458
V3	1	2	dense_colour	34	161354
V3	1	2	dense_colour	35	163416
V3	1	2	dense_colour	36	164483
V3	1	2	dense_colour	37	163450
V3	1	2	dense_colour	38	162804
V3	1	2	dense_colour	39	163575
V3	1	2	dense_colour	40	162945
V3	1	2	dense_colour	41	163858
V3	1	2	dense_colour	42	163008
V3	1	2	dense_colour	43	162416
V3	1	2	dense_colour	44	163291
V3	1	2	dense_colour	45	162562
V3	1	2	dense_colour	46	163737
V3	1	2	dense_colour	47	163254
V3	1	2	dense_colour	48	163337
V3	1	2	dense_colour	49	162704
V3	1	2	dense_colour	50	163691
V3	1	2	dense_colour	51	162983
V3	1	2	dense_colour	52	163104
V3	1	2	dense_colour	53	163375
V3	1	2	dense_colour	54	162862
V3	1	2	dense_colour	55	166745
V3	1	2	dense_colour	56	166987
V3	1	2	dense_colour	57	168495
V3	1	2	dense_colour	58	167083
V3	1	2	dense_colour	59	165208
V3	1	2	dense_colour	60	163575
V3	1	2	dense_colour	61	164000
V3	1	2	dense_colour	62	168170
V3	1	2	dense_colour	63	162995
V3	1	2	dense_colour	64	162770
V3	1	2	dense_colour	65	164975
V3	1	2	dense_colour	66	168120
V3	1	2	dense_colour	67	167791
V3	1	2	dense_colour	68	167845
V3	1	2	dense_colour	69	175187
V3	1	2	dense_colour	70	154170
V3	1	2	dense_colour	71	161095
V3	1	2	dense_colour	72	164991
V3	1	2	dense_colour	73	163737
V3	1	2	dense_colour	74	162291
V3	1	2	dense_colour	75	158533
V3	1	2	dense_colour	76	174987
V3	1	2	dense_colour	77	175820
V3	1	2	dense_colour	78	176566
V3	1	2	dense_colour	79	172570
V3	1	2	dense_colour	80	166879
V3	1	2	dense_colour	81	167000
V3	1	2	dense_colour	82	165741
V3	1	2	dense_colour	83	165304
V3	1	2	dense_colour	84	165254
V3	1	2	dense_colour	85	164291
V3	1	2	dense_colour	86	164416
V3	1	2	dense_colour	87	166362
V3	1	2	dense_colour	88	165475
V3	1	2	dense_colour	89	162729
V3	1	2	dense_colour	90	162604
V3	1	2	dense_colour	91	162470
V3	1	2	dense_colour	92	162558
V3	1	2	dense_colour	93	163029
V3	1	2	dense_colour	94	165616
V3	1	2	dense_colour	95	163804
V3	1	2	dense_colour	96	162229
V3	1	2	dense_colour	97	163187
V3	1	2	dense_colour	98	162770
V3	1	2	dense_colour	99	162600
V3	1	2	dense_colour	100	162800
V3	1	2	plain_scroll	1	69625
V3	1	2	plain_scroll	2	69525
V3	1	2	plain_scroll	3	69687
V3	1	2	plain_scroll	4	69566
V3	1	2	plain_scroll	5	69470
V3	1	2	plain_scroll	6	69562
V3	1	2	plain_scroll	7	69850
V3	1	2	plain_scroll	8	70375
V3	1	2	plain_scroll	9	69620
V3	1	2	plain_scroll	10	70037
V3	1	2	plain_scroll	11	70362
V3	1	2	plain_scroll	12	69575
V3	1	2	plain_scroll	13	69625
V3	1	2	plain_scroll	14	69679
V3	1	2	plain_scroll	15	69983
V3	1	2	plain_scroll	16	69516
V3	1	2	plain_scroll	17	69675
V3	1	2	plain_scroll	18	69466
V3	1	2	plain_scroll	19	69583
V3	1	2	plain_scroll	20	69941
V3	1	2	plain_scroll	21	70200
V3	1	2	plain_scroll	22	69512
V3	1	2	plain_scroll	23	71745
V3	1	2	plain_scroll	24	69708
V3	1	2	plain_scroll	25	69712
V3	1	2	plain_scroll	26	69766
V3	1	2	plain_scroll	27	69704
V3	1	2	plain_scroll	28	70791
V3	1	2	plain_scroll	29	69729
V3	1	2	plain_scroll	30	69841
V3	1	2	plain_scroll	31	69629
V3	1	2	plain_scroll	32	69750
V3	1	2	plain_scroll	33	69758
V3	1	2	plain_scroll	34	69637
V3	1	2	plain_scroll	35	70104
V3	1	2	plain_scroll	36	70112
V3	1	2	plain_scroll	37	70279
V3	1	2	plain_scroll	38	71458
V3	1	2	plain_scroll	39	74129
V3	1	2	plain_scroll	40	69620
V3	1	2	plain_scroll	41	70100
V3	1	2	plain_scroll	42	69579
V3	1	2	plain_scroll	43	69612
V3	1	2	plain_scroll	44	69850
V3	1	2	plain_scroll	45	69612
V3	1	2	plain_scroll	46	69554
V3	1	2	plain_scroll	47	69775
V3	1	2	plain_scroll	48	69804
V3	1	2	plain_scroll	49	69825
V3	1	2	plain_scroll	50	69666
V3	1	2	plain_scroll	51	69566
V3	1	2	plain_scroll	52	69666
V3	1	2	plain_scroll	53	70095
V3	1	2	plain_scroll	54	69433
V3	1	2	plain_scroll	55	69541
V3	1	2	plain_scroll	56	69633
V3	1	2	plain_scroll	57	69533
V3	1	2	plain_scroll	58	69908
V3	1	2	plain_scroll	59	71741
V3	1	2	plain_scroll	60	70145
V3	1	2	plain_scroll	61	72475
V3	1	2	plain_scroll	62	70154
V3	1	2	plain_scroll	63	72412
V3	1	2	plain_scroll	64	70679
V3	1	2	plain_scroll	65	70920
V3	1	2	plain_scroll	66	70025
V3	1	2	plain_scroll	67	71587
V3	1	2	plain_scroll	68	70250
V3	1	2	plain_scroll	69	69495
V3	1	2	plain_scroll	70	69520
V3	1	2	plain_scroll	71	69650
V3	1	2	plain_scroll	72	69575
V3	1	2	plain_scroll	73	69550
V3	1	2	plain_scroll	74	69654
V3	1	2	plain_scroll	75	69579
V3	1	2	plain_scroll	76	69570
V3	1	2	plain_scroll	77	69858
V3	1	2	plain_scroll	78	69616
V3	1	2	plain_scroll	79	69520
V3	1	2	plain_scroll	80	69462
V3	1	2	plain_scroll	81	69566
V3	1	2	plain_scroll	82	70095
V3	1	2	plain_scroll	83	69562
V3	1	2	plain_scroll	84	69675
V3	1	2	plain_scroll	85	69591
V3	1	2	plain_scroll	86	69558
V3	1	2	plain_scroll	87	69545
V3	1	2	plain_scroll	88	69537
V3	1	2	plain_scroll	89	69600
V3	1	2	plain_scroll	90	69545
V3	1	2	plain_scroll	91	69383
V3	1	2	plain_scroll	92	69366
V3	1	2	plain_scroll	93	69462
V3	1	2	plain_scroll	94	69716
V3	1	2	plain_scroll	95	69562
V3	1	2	plain_scroll	96	69704
V3	1	2	plain_scroll	97	69737
V3	1	2	plain_scroll	98	69770
V3	1	2	plain_scroll	99	69579
V3	1	2	plain_scroll	100	69608
V3	1	2	sparse_edit	1	31970
V3	1	2	sparse_edit	2	32029
V3	1	2	sparse_edit	3	31995
V3	1	2	sparse_edit	4	31966
V3	1	2	sparse_edit	5	31995
V3	1	2	sparse_edit	6	31708
V3	1	2	sparse_edit	7	32091
V3	1	2	sparse_edit	8	32004
V3	1	2	sparse_edit	9	32016
V3	1	2	sparse_edit	10	31966
V3	1	2	sparse_edit	11	32000
V3	1	2	sparse_edit	12	31933
V3	1	2	sparse_edit	13	31958
V3	1	2	sparse_edit	14	31975
V3	1	2	sparse_edit	15	32041
V3	1	2	sparse_edit	16	32004
V3	1	2	sparse_edit	17	32000
V3	1	2	sparse_edit	18	32025
V3	1	2	sparse_edit	19	32225
V3	1	2	sparse_edit	20	32012
V3	1	2	sparse_edit	21	32033
V3	1	2	sparse_edit	22	31983
V3	1	2	sparse_edit	23	32004
V3	1	2	sparse_edit	24	31979
V3	1	2	sparse_edit	25	31958
V3	1	2	sparse_edit	26	31995
V3	1	2	sparse_edit	27	31937
V3	1	2	sparse_edit	28	31979
V3	1	2	sparse_edit	29	31962
V3	1	2	sparse_edit	30	31975
V3	1	2	sparse_edit	31	31970
V3	1	2	sparse_edit	32	32012
V3	1	2	sparse_edit	33	31995
V3	1	2	sparse_edit	34	31991
V3	1	2	sparse_edit	35	31979
V3	1	2	sparse_edit	36	32004
V3	1	2	sparse_edit	37	31975
V3	1	2	sparse_edit	38	31970
V3	1	2	sparse_edit	39	31975
V3	1	2	sparse_edit	40	31995
V3	1	2	sparse_edit	41	31983
V3	1	2	sparse_edit	42	32016
V3	1	2	sparse_edit	43	32004
V3	1	2	sparse_edit	44	31983
V3	1	2	sparse_edit	45	32000
V3	1	2	sparse_edit	46	32004
V3	1	2	sparse_edit	47	31745
V3	1	2	sparse_edit	48	31812
V3	1	2	sparse_edit	49	31933
V3	1	2	sparse_edit	50	32175
V3	1	2	sparse_edit	51	32045
V3	1	2	sparse_edit	52	31983
V3	1	2	sparse_edit	53	31962
V3	1	2	sparse_edit	54	31970
V3	1	2	sparse_edit	55	31987
V3	1	2	sparse_edit	56	31970
V3	1	2	sparse_edit	57	32000
V3	1	2	sparse_edit	58	31954
V3	1	2	sparse_edit	59	31983
V3	1	2	sparse_edit	60	31975
V3	1	2	sparse_edit	61	31995
V3	1	2	sparse_edit	62	32000
V3	1	2	sparse_edit	63	31987
V3	1	2	sparse_edit	64	32954
V3	1	2	sparse_edit	65	32679
V3	1	2	sparse_edit	66	32058
V3	1	2	sparse_edit	67	32050
V3	1	2	sparse_edit	68	32904
V3	1	2	sparse_edit	69	32737
V3	1	2	sparse_edit	70	31954
V3	1	2	sparse_edit	71	31929
V3	1	2	sparse_edit	72	31912
V3	1	2	sparse_edit	73	31900
V3	1	2	sparse_edit	74	31970
V3	1	2	sparse_edit	75	31929
V3	1	2	sparse_edit	76	31941
V3	1	2	sparse_edit	77	31912
V3	1	2	sparse_edit	78	31937
V3	1	2	sparse_edit	79	31920
V3	1	2	sparse_edit	80	31933
V3	1	2	sparse_edit	81	31900
V3	1	2	sparse_edit	82	31916
V3	1	2	sparse_edit	83	32008
V3	1	2	sparse_edit	84	32725
V3	1	2	sparse_edit	85	32050
V3	1	2	sparse_edit	86	32325
V3	1	2	sparse_edit	87	31987
V3	1	2	sparse_edit	88	31958
V3	1	2	sparse_edit	89	32012
V3	1	2	sparse_edit	90	32141
V3	1	2	sparse_edit	91	31595
V3	1	2	sparse_edit	92	31887
V3	1	2	sparse_edit	93	31979
V3	1	2	sparse_edit	94	31991
V3	1	2	sparse_edit	95	32229
V3	1	2	sparse_edit	96	31916
V3	1	2	sparse_edit	97	31962
V3	1	2	sparse_edit	98	31941
V3	1	2	sparse_edit	99	31979
V3	1	2	sparse_edit	100	31991
V3	1	2	full_redraw	1	69720
V3	1	2	full_redraw	2	68958
V3	1	2	full_redraw	3	68479
V3	1	2	full_redraw	4	68945
V3	1	2	full_redraw	5	68525
V3	1	2	full_redraw	6	68929
V3	1	2	full_redraw	7	68875
V3	1	2	full_redraw	8	70016
V3	1	2	full_redraw	9	70358
V3	1	2	full_redraw	10	70875
V3	1	2	full_redraw	11	69245
V3	1	2	full_redraw	12	68837
V3	1	2	full_redraw	13	70150
V3	1	2	full_redraw	14	69829
V3	1	2	full_redraw	15	71354
V3	1	2	full_redraw	16	66204
V3	1	2	full_redraw	17	69245
V3	1	2	full_redraw	18	69416
V3	1	2	full_redraw	19	71062
V3	1	2	full_redraw	20	72666
V3	1	2	full_redraw	21	71866
V3	1	2	full_redraw	22	72279
V3	1	2	full_redraw	23	72425
V3	1	2	full_redraw	24	70387
V3	1	2	full_redraw	25	71237
V3	1	2	full_redraw	26	72791
V3	1	2	full_redraw	27	72341
V3	1	2	full_redraw	28	72733
V3	1	2	full_redraw	29	72512
V3	1	2	full_redraw	30	71633
V3	1	2	full_redraw	31	73233
V3	1	2	full_redraw	32	71637
V3	1	2	full_redraw	33	72429
V3	1	2	full_redraw	34	72270
V3	1	2	full_redraw	35	72462
V3	1	2	full_redraw	36	72245
V3	1	2	full_redraw	37	72941
V3	1	2	full_redraw	38	71762
V3	1	2	full_redraw	39	71725
V3	1	2	full_redraw	40	72616
V3	1	2	full_redraw	41	72725
V3	1	2	full_redraw	42	71900
V3	1	2	full_redraw	43	64183
V3	1	2	full_redraw	44	57504
V3	1	2	full_redraw	45	56891
V3	1	2	full_redraw	46	57420
V3	1	2	full_redraw	47	56383
V3	1	2	full_redraw	48	59954
V3	1	2	full_redraw	49	68595
V3	1	2	full_redraw	50	65300
V3	1	2	full_redraw	51	66504
V3	1	2	full_redraw	52	65670
V3	1	2	full_redraw	53	66208
V3	1	2	full_redraw	54	66116
V3	1	2	full_redraw	55	66275
V3	1	2	full_redraw	56	66162
V3	1	2	full_redraw	57	66204
V3	1	2	full_redraw	58	66812
V3	1	2	full_redraw	59	66766
V3	1	2	full_redraw	60	68295
V3	1	2	full_redraw	61	67241
V3	1	2	full_redraw	62	67262
V3	1	2	full_redraw	63	66870
V3	1	2	full_redraw	64	68045
V3	1	2	full_redraw	65	66729
V3	1	2	full_redraw	66	68066
V3	1	2	full_redraw	67	66983
V3	1	2	full_redraw	68	67050
V3	1	2	full_redraw	69	66987
V3	1	2	full_redraw	70	66187
V3	1	2	full_redraw	71	67145
V3	1	2	full_redraw	72	68554
V3	1	2	full_redraw	73	68516
V3	1	2	full_redraw	74	67133
V3	1	2	full_redraw	75	68704
V3	1	2	full_redraw	76	68862
V3	1	2	full_redraw	77	68925
V3	1	2	full_redraw	78	68495
V3	1	2	full_redraw	79	68854
V3	1	2	full_redraw	80	68112
V3	1	2	full_redraw	81	68570
V3	1	2	full_redraw	82	67900
V3	1	2	full_redraw	83	67216
V3	1	2	full_redraw	84	66258
V3	1	2	full_redraw	85	66195
V3	1	2	full_redraw	86	67508
V3	1	2	full_redraw	87	65987
V3	1	2	full_redraw	88	66866
V3	1	2	full_redraw	89	55937
V3	1	2	full_redraw	90	54437
V3	1	2	full_redraw	91	54883
V3	1	2	full_redraw	92	53741
V3	1	2	full_redraw	93	54112
V3	1	2	full_redraw	94	54404
V3	1	2	full_redraw	95	54458
V3	1	2	full_redraw	96	54329
V3	1	2	full_redraw	97	54512
V3	1	2	full_redraw	98	54362
V3	1	2	full_redraw	99	54508
V3	1	2	full_redraw	100	54558
V3	2	1	dense_colour	1	162545
V3	2	1	dense_colour	2	162970
V3	2	1	dense_colour	3	163279
V3	2	1	dense_colour	4	163512
V3	2	1	dense_colour	5	161691
V3	2	1	dense_colour	6	159991
V3	2	1	dense_colour	7	160312
V3	2	1	dense_colour	8	160433
V3	2	1	dense_colour	9	159758
V3	2	1	dense_colour	10	159758
V3	2	1	dense_colour	11	160937
V3	2	1	dense_colour	12	159808
V3	2	1	dense_colour	13	159887
V3	2	1	dense_colour	14	160787
V3	2	1	dense_colour	15	160245
V3	2	1	dense_colour	16	160341
V3	2	1	dense_colour	17	160291
V3	2	1	dense_colour	18	159504
V3	2	1	dense_colour	19	159570
V3	2	1	dense_colour	20	161754
V3	2	1	dense_colour	21	160737
V3	2	1	dense_colour	22	160766
V3	2	1	dense_colour	23	160520
V3	2	1	dense_colour	24	160308
V3	2	1	dense_colour	25	167825
V3	2	1	dense_colour	26	167533
V3	2	1	dense_colour	27	160900
V3	2	1	dense_colour	28	161654
V3	2	1	dense_colour	29	161154
V3	2	1	dense_colour	30	159462
V3	2	1	dense_colour	31	160437
V3	2	1	dense_colour	32	160062
V3	2	1	dense_colour	33	161333
V3	2	1	dense_colour	34	161158
V3	2	1	dense_colour	35	161325
V3	2	1	dense_colour	36	161233
V3	2	1	dense_colour	37	161570
V3	2	1	dense_colour	38	160395
V3	2	1	dense_colour	39	159641
V3	2	1	dense_colour	40	159675
V3	2	1	dense_colour	41	160308
V3	2	1	dense_colour	42	160362
V3	2	1	dense_colour	43	161066
V3	2	1	dense_colour	44	160020
V3	2	1	dense_colour	45	159854
V3	2	1	dense_colour	46	159583
V3	2	1	dense_colour	47	159416
V3	2	1	dense_colour	48	160550
V3	2	1	dense_colour	49	159487
V3	2	1	dense_colour	50	159516
V3	2	1	dense_colour	51	161004
V3	2	1	dense_colour	52	159829
V3	2	1	dense_colour	53	162329
V3	2	1	dense_colour	54	161683
V3	2	1	dense_colour	55	159783
V3	2	1	dense_colour	56	159983
V3	2	1	dense_colour	57	159645
V3	2	1	dense_colour	58	161708
V3	2	1	dense_colour	59	160504
V3	2	1	dense_colour	60	160358
V3	2	1	dense_colour	61	159991
V3	2	1	dense_colour	62	160300
V3	2	1	dense_colour	63	161437
V3	2	1	dense_colour	64	161395
V3	2	1	dense_colour	65	162354
V3	2	1	dense_colour	66	163820
V3	2	1	dense_colour	67	162358
V3	2	1	dense_colour	68	160125
V3	2	1	dense_colour	69	160250
V3	2	1	dense_colour	70	160154
V3	2	1	dense_colour	71	159683
V3	2	1	dense_colour	72	159729
V3	2	1	dense_colour	73	164950
V3	2	1	dense_colour	74	156654
V3	2	1	dense_colour	75	159195
V3	2	1	dense_colour	76	160358
V3	2	1	dense_colour	77	159379
V3	2	1	dense_colour	78	159125
V3	2	1	dense_colour	79	160004
V3	2	1	dense_colour	80	159500
V3	2	1	dense_colour	81	159008
V3	2	1	dense_colour	82	160266
V3	2	1	dense_colour	83	160737
V3	2	1	dense_colour	84	160912
V3	2	1	dense_colour	85	161475
V3	2	1	dense_colour	86	161145
V3	2	1	dense_colour	87	162308
V3	2	1	dense_colour	88	161350
V3	2	1	dense_colour	89	159425
V3	2	1	dense_colour	90	160025
V3	2	1	dense_colour	91	159941
V3	2	1	dense_colour	92	159375
V3	2	1	dense_colour	93	162141
V3	2	1	dense_colour	94	160825
V3	2	1	dense_colour	95	159320
V3	2	1	dense_colour	96	160091
V3	2	1	dense_colour	97	161516
V3	2	1	dense_colour	98	160320
V3	2	1	dense_colour	99	158941
V3	2	1	dense_colour	100	160354
V3	2	1	plain_scroll	1	67095
V3	2	1	plain_scroll	2	67608
V3	2	1	plain_scroll	3	68050
V3	2	1	plain_scroll	4	67970
V3	2	1	plain_scroll	5	67837
V3	2	1	plain_scroll	6	67879
V3	2	1	plain_scroll	7	68904
V3	2	1	plain_scroll	8	68516
V3	2	1	plain_scroll	9	68741
V3	2	1	plain_scroll	10	69208
V3	2	1	plain_scroll	11	70070
V3	2	1	plain_scroll	12	70195
V3	2	1	plain_scroll	13	70420
V3	2	1	plain_scroll	14	69883
V3	2	1	plain_scroll	15	69400
V3	2	1	plain_scroll	16	69512
V3	2	1	plain_scroll	17	68533
V3	2	1	plain_scroll	18	69350
V3	2	1	plain_scroll	19	70587
V3	2	1	plain_scroll	20	69037
V3	2	1	plain_scroll	21	68537
V3	2	1	plain_scroll	22	67841
V3	2	1	plain_scroll	23	68595
V3	2	1	plain_scroll	24	68316
V3	2	1	plain_scroll	25	67933
V3	2	1	plain_scroll	26	67720
V3	2	1	plain_scroll	27	68612
V3	2	1	plain_scroll	28	67708
V3	2	1	plain_scroll	29	67812
V3	2	1	plain_scroll	30	67820
V3	2	1	plain_scroll	31	67762
V3	2	1	plain_scroll	32	67908
V3	2	1	plain_scroll	33	68366
V3	2	1	plain_scroll	34	67712
V3	2	1	plain_scroll	35	67883
V3	2	1	plain_scroll	36	67608
V3	2	1	plain_scroll	37	67900
V3	2	1	plain_scroll	38	68125
V3	2	1	plain_scroll	39	67745
V3	2	1	plain_scroll	40	67858
V3	2	1	plain_scroll	41	67775
V3	2	1	plain_scroll	42	68550
V3	2	1	plain_scroll	43	67758
V3	2	1	plain_scroll	44	67875
V3	2	1	plain_scroll	45	67833
V3	2	1	plain_scroll	46	70400
V3	2	1	plain_scroll	47	70795
V3	2	1	plain_scroll	48	81016
V3	2	1	plain_scroll	49	75495
V3	2	1	plain_scroll	50	67979
V3	2	1	plain_scroll	51	68300
V3	2	1	plain_scroll	52	68604
V3	2	1	plain_scroll	53	68329
V3	2	1	plain_scroll	54	69179
V3	2	1	plain_scroll	55	68620
V3	2	1	plain_scroll	56	69004
V3	2	1	plain_scroll	57	68787
V3	2	1	plain_scroll	58	68550
V3	2	1	plain_scroll	59	68645
V3	2	1	plain_scroll	60	68587
V3	2	1	plain_scroll	61	68620
V3	2	1	plain_scroll	62	68691
V3	2	1	plain_scroll	63	67979
V3	2	1	plain_scroll	64	67779
V3	2	1	plain_scroll	65	67737
V3	2	1	plain_scroll	66	68516
V3	2	1	plain_scroll	67	68745
V3	2	1	plain_scroll	68	68800
V3	2	1	plain_scroll	69	68166
V3	2	1	plain_scroll	70	76979
V3	2	1	plain_scroll	71	77387
V3	2	1	plain_scroll	72	69416
V3	2	1	plain_scroll	73	68683
V3	2	1	plain_scroll	74	68166
V3	2	1	plain_scroll	75	68625
V3	2	1	plain_scroll	76	67766
V3	2	1	plain_scroll	77	68366
V3	2	1	plain_scroll	78	68500
V3	2	1	plain_scroll	79	68512
V3	2	1	plain_scroll	80	68604
V3	2	1	plain_scroll	81	68754
V3	2	1	plain_scroll	82	68462
V3	2	1	plain_scroll	83	68541
V3	2	1	plain_scroll	84	68545
V3	2	1	plain_scroll	85	68904
V3	2	1	plain_scroll	86	68700
V3	2	1	plain_scroll	87	68900
V3	2	1	plain_scroll	88	68237
V3	2	1	plain_scroll	89	68862
V3	2	1	plain_scroll	90	67708
V3	2	1	plain_scroll	91	69125
V3	2	1	plain_scroll	92	67679
V3	2	1	plain_scroll	93	67629
V3	2	1	plain_scroll	94	67991
V3	2	1	plain_scroll	95	67887
V3	2	1	plain_scroll	96	67945
V3	2	1	plain_scroll	97	67791
V3	2	1	plain_scroll	98	68258
V3	2	1	plain_scroll	99	68283
V3	2	1	plain_scroll	100	67875
V3	2	1	sparse_edit	1	31625
V3	2	1	sparse_edit	2	31700
V3	2	1	sparse_edit	3	31662
V3	2	1	sparse_edit	4	31712
V3	2	1	sparse_edit	5	31729
V3	2	1	sparse_edit	6	31808
V3	2	1	sparse_edit	7	33770
V3	2	1	sparse_edit	8	33845
V3	2	1	sparse_edit	9	33250
V3	2	1	sparse_edit	10	33325
V3	2	1	sparse_edit	11	32295
V3	2	1	sparse_edit	12	31791
V3	2	1	sparse_edit	13	31295
V3	2	1	sparse_edit	14	31362
V3	2	1	sparse_edit	15	31337
V3	2	1	sparse_edit	16	31350
V3	2	1	sparse_edit	17	31316
V3	2	1	sparse_edit	18	31316
V3	2	1	sparse_edit	19	31358
V3	2	1	sparse_edit	20	31700
V3	2	1	sparse_edit	21	31333
V3	2	1	sparse_edit	22	31341
V3	2	1	sparse_edit	23	31337
V3	2	1	sparse_edit	24	31325
V3	2	1	sparse_edit	25	31337
V3	2	1	sparse_edit	26	31370
V3	2	1	sparse_edit	27	31637
V3	2	1	sparse_edit	28	31320
V3	2	1	sparse_edit	29	31275
V3	2	1	sparse_edit	30	31325
V3	2	1	sparse_edit	31	31345
V3	2	1	sparse_edit	32	31300
V3	2	1	sparse_edit	33	31325
V3	2	1	sparse_edit	34	31312
V3	2	1	sparse_edit	35	31350
V3	2	1	sparse_edit	36	31304
V3	2	1	sparse_edit	37	31329
V3	2	1	sparse_edit	38	31316
V3	2	1	sparse_edit	39	31345
V3	2	1	sparse_edit	40	31341
V3	2	1	sparse_edit	41	31337
V3	2	1	sparse_edit	42	31325
V3	2	1	sparse_edit	43	31320
V3	2	1	sparse_edit	44	31333
V3	2	1	sparse_edit	45	31316
V3	2	1	sparse_edit	46	31750
V3	2	1	sparse_edit	47	31266
V3	2	1	sparse_edit	48	31716
V3	2	1	sparse_edit	49	31341
V3	2	1	sparse_edit	50	31337
V3	2	1	sparse_edit	51	31387
V3	2	1	sparse_edit	52	33491
V3	2	1	sparse_edit	53	33720
V3	2	1	sparse_edit	54	31920
V3	2	1	sparse_edit	55	31991
V3	2	1	sparse_edit	56	32145
V3	2	1	sparse_edit	57	30833
V3	2	1	sparse_edit	58	31545
V3	2	1	sparse_edit	59	31083
V3	2	1	sparse_edit	60	31570
V3	2	1	sparse_edit	61	31479
V3	2	1	sparse_edit	62	31512
V3	2	1	sparse_edit	63	31500
V3	2	1	sparse_edit	64	31766
V3	2	1	sparse_edit	65	32379
V3	2	1	sparse_edit	66	31475
V3	2	1	sparse_edit	67	31504
V3	2	1	sparse_edit	68	31491
V3	2	1	sparse_edit	69	31429
V3	2	1	sparse_edit	70	31483
V3	2	1	sparse_edit	71	31441
V3	2	1	sparse_edit	72	31516
V3	2	1	sparse_edit	73	31495
V3	2	1	sparse_edit	74	31462
V3	2	1	sparse_edit	75	36041
V3	2	1	sparse_edit	76	37270
V3	2	1	sparse_edit	77	36545
V3	2	1	sparse_edit	78	36120
V3	2	1	sparse_edit	79	36320
V3	2	1	sparse_edit	80	34975
V3	2	1	sparse_edit	81	36062
V3	2	1	sparse_edit	82	36183
V3	2	1	sparse_edit	83	36320
V3	2	1	sparse_edit	84	35662
V3	2	1	sparse_edit	85	36133
V3	2	1	sparse_edit	86	33487
V3	2	1	sparse_edit	87	33254
V3	2	1	sparse_edit	88	33062
V3	2	1	sparse_edit	89	33275
V3	2	1	sparse_edit	90	33262
V3	2	1	sparse_edit	91	33258
V3	2	1	sparse_edit	92	33600
V3	2	1	sparse_edit	93	33237
V3	2	1	sparse_edit	94	33250
V3	2	1	sparse_edit	95	33166
V3	2	1	sparse_edit	96	33254
V3	2	1	sparse_edit	97	33241
V3	2	1	sparse_edit	98	32333
V3	2	1	sparse_edit	99	32375
V3	2	1	sparse_edit	100	32370
V3	2	1	full_redraw	1	78308
V3	2	1	full_redraw	2	62854
V3	2	1	full_redraw	3	67695
V3	2	1	full_redraw	4	67604
V3	2	1	full_redraw	5	68445
V3	2	1	full_redraw	6	69454
V3	2	1	full_redraw	7	68737
V3	2	1	full_redraw	8	73479
V3	2	1	full_redraw	9	55808
V3	2	1	full_redraw	10	63683
V3	2	1	full_redraw	11	63158
V3	2	1	full_redraw	12	60570
V3	2	1	full_redraw	13	60937
V3	2	1	full_redraw	14	58608
V3	2	1	full_redraw	15	57658
V3	2	1	full_redraw	16	57466
V3	2	1	full_redraw	17	57408
V3	2	1	full_redraw	18	56958
V3	2	1	full_redraw	19	56441
V3	2	1	full_redraw	20	57116
V3	2	1	full_redraw	21	57304
V3	2	1	full_redraw	22	57225
V3	2	1	full_redraw	23	57300
V3	2	1	full_redraw	24	56445
V3	2	1	full_redraw	25	57391
V3	2	1	full_redraw	26	57404
V3	2	1	full_redraw	27	57508
V3	2	1	full_redraw	28	57475
V3	2	1	full_redraw	29	57279
V3	2	1	full_redraw	30	56529
V3	2	1	full_redraw	31	57154
V3	2	1	full_redraw	32	57270
V3	2	1	full_redraw	33	56412
V3	2	1	full_redraw	34	56766
V3	2	1	full_redraw	35	56995
V3	2	1	full_redraw	36	57083
V3	2	1	full_redraw	37	57337
V3	2	1	full_redraw	38	57208
V3	2	1	full_redraw	39	57345
V3	2	1	full_redraw	40	56320
V3	2	1	full_redraw	41	57208
V3	2	1	full_redraw	42	56329
V3	2	1	full_redraw	43	55695
V3	2	1	full_redraw	44	55604
V3	2	1	full_redraw	45	55916
V3	2	1	full_redraw	46	55750
V3	2	1	full_redraw	47	55762
V3	2	1	full_redraw	48	55845
V3	2	1	full_redraw	49	55829
V3	2	1	full_redraw	50	55679
V3	2	1	full_redraw	51	55875
V3	2	1	full_redraw	52	55741
V3	2	1	full_redraw	53	55870
V3	2	1	full_redraw	54	59191
V3	2	1	full_redraw	55	55883
V3	2	1	full_redraw	56	55675
V3	2	1	full_redraw	57	56233
V3	2	1	full_redraw	58	55791
V3	2	1	full_redraw	59	56383
V3	2	1	full_redraw	60	57341
V3	2	1	full_redraw	61	57412
V3	2	1	full_redraw	62	57512
V3	2	1	full_redraw	63	57329
V3	2	1	full_redraw	64	56112
V3	2	1	full_redraw	65	55904
V3	2	1	full_redraw	66	55687
V3	2	1	full_redraw	67	55791
V3	2	1	full_redraw	68	56750
V3	2	1	full_redraw	69	56512
V3	2	1	full_redraw	70	55841
V3	2	1	full_redraw	71	56129
V3	2	1	full_redraw	72	56154
V3	2	1	full_redraw	73	55729
V3	2	1	full_redraw	74	55625
V3	2	1	full_redraw	75	55862
V3	2	1	full_redraw	76	55508
V3	2	1	full_redraw	77	55683
V3	2	1	full_redraw	78	55754
V3	2	1	full_redraw	79	62954
V3	2	1	full_redraw	80	62870
V3	2	1	full_redraw	81	63512
V3	2	1	full_redraw	82	57125
V3	2	1	full_redraw	83	56383
V3	2	1	full_redraw	84	63291
V3	2	1	full_redraw	85	66029
V3	2	1	full_redraw	86	67337
V3	2	1	full_redraw	87	68670
V3	2	1	full_redraw	88	68825
V3	2	1	full_redraw	89	70083
V3	2	1	full_redraw	90	68950
V3	2	1	full_redraw	91	69766
V3	2	1	full_redraw	92	69829
V3	2	1	full_redraw	93	85166
V3	2	1	full_redraw	94	72170
V3	2	1	full_redraw	95	64037
V3	2	1	full_redraw	96	66254
V3	2	1	full_redraw	97	64812
V3	2	1	full_redraw	98	65437
V3	2	1	full_redraw	99	67379
V3	2	1	full_redraw	100	65470
V1	2	2	dense_colour	1	2896958
V1	2	2	dense_colour	2	2982987
V1	2	2	dense_colour	3	2916800
V1	2	2	dense_colour	4	3005250
V1	2	2	dense_colour	5	2968925
V1	2	2	dense_colour	6	2880904
V1	2	2	dense_colour	7	2935550
V1	2	2	dense_colour	8	2941704
V1	2	2	dense_colour	9	2921483
V1	2	2	dense_colour	10	2966900
V1	2	2	dense_colour	11	2947962
V1	2	2	dense_colour	12	3058054
V1	2	2	dense_colour	13	3113591
V1	2	2	dense_colour	14	3138100
V1	2	2	dense_colour	15	3036358
V1	2	2	dense_colour	16	3011450
V1	2	2	dense_colour	17	2924433
V1	2	2	dense_colour	18	2890850
V1	2	2	dense_colour	19	2947616
V1	2	2	dense_colour	20	2966958
V1	2	2	dense_colour	21	2963933
V1	2	2	dense_colour	22	2924220
V1	2	2	dense_colour	23	2890800
V1	2	2	dense_colour	24	2849320
V1	2	2	dense_colour	25	2831366
V1	2	2	dense_colour	26	2988245
V1	2	2	dense_colour	27	2979908
V1	2	2	dense_colour	28	2986283
V1	2	2	dense_colour	29	2853212
V1	2	2	dense_colour	30	2863466
V1	2	2	dense_colour	31	2823120
V1	2	2	dense_colour	32	2843404
V1	2	2	dense_colour	33	2854295
V1	2	2	dense_colour	34	2879562
V1	2	2	dense_colour	35	2942550
V1	2	2	dense_colour	36	3018220
V1	2	2	dense_colour	37	2895208
V1	2	2	dense_colour	38	2924520
V1	2	2	dense_colour	39	2899708
V1	2	2	dense_colour	40	2963020
V1	2	2	dense_colour	41	2954279
V1	2	2	dense_colour	42	2927529
V1	2	2	dense_colour	43	2869183
V1	2	2	dense_colour	44	2944470
V1	2	2	dense_colour	45	2938200
V1	2	2	dense_colour	46	2916041
V1	2	2	dense_colour	47	2967708
V1	2	2	dense_colour	48	2991504
V1	2	2	dense_colour	49	2986091
V1	2	2	dense_colour	50	2963045
V1	2	2	dense_colour	51	2912866
V1	2	2	dense_colour	52	2911662
V1	2	2	dense_colour	53	2982750
V1	2	2	dense_colour	54	2958245
V1	2	2	dense_colour	55	2923570
V1	2	2	dense_colour	56	2929804
V1	2	2	dense_colour	57	2966704
V1	2	2	dense_colour	58	2957295
V1	2	2	dense_colour	59	2912787
V1	2	2	dense_colour	60	2931216
V1	2	2	dense_colour	61	2904012
V1	2	2	dense_colour	62	2901895
V1	2	2	dense_colour	63	2916258
V1	2	2	dense_colour	64	2901587
V1	2	2	dense_colour	65	2920975
V1	2	2	dense_colour	66	2894458
V1	2	2	dense_colour	67	2883020
V1	2	2	dense_colour	68	2920870
V1	2	2	dense_colour	69	2934879
V1	2	2	dense_colour	70	2975075
V1	2	2	dense_colour	71	2973904
V1	2	2	dense_colour	72	2934470
V1	2	2	dense_colour	73	2923237
V1	2	2	dense_colour	74	2867454
V1	2	2	dense_colour	75	2909645
V1	2	2	dense_colour	76	2918437
V1	2	2	dense_colour	77	2856316
V1	2	2	dense_colour	78	2861779
V1	2	2	dense_colour	79	2874854
V1	2	2	dense_colour	80	2893129
V1	2	2	dense_colour	81	2881195
V1	2	2	dense_colour	82	2870562
V1	2	2	dense_colour	83	2875454
V1	2	2	dense_colour	84	2889195
V1	2	2	dense_colour	85	2866691
V1	2	2	dense_colour	86	2869450
V1	2	2	dense_colour	87	2964612
V1	2	2	dense_colour	88	2846387
V1	2	2	dense_colour	89	2967583
V1	2	2	dense_colour	90	3023212
V1	2	2	dense_colour	91	3014650
V1	2	2	dense_colour	92	2928025
V1	2	2	dense_colour	93	2904437
V1	2	2	dense_colour	94	2895733
V1	2	2	dense_colour	95	2877954
V1	2	2	dense_colour	96	2956420
V1	2	2	dense_colour	97	2890679
V1	2	2	dense_colour	98	2880779
V1	2	2	dense_colour	99	2922400
V1	2	2	dense_colour	100	2916045
V1	2	2	plain_scroll	1	1373087
V1	2	2	plain_scroll	2	1391712
V1	2	2	plain_scroll	3	1419541
V1	2	2	plain_scroll	4	1424866
V1	2	2	plain_scroll	5	1418108
V1	2	2	plain_scroll	6	1433412
V1	2	2	plain_scroll	7	1416879
V1	2	2	plain_scroll	8	1412916
V1	2	2	plain_scroll	9	1403041
V1	2	2	plain_scroll	10	1399237
V1	2	2	plain_scroll	11	1380495
V1	2	2	plain_scroll	12	1384687
V1	2	2	plain_scroll	13	1382283
V1	2	2	plain_scroll	14	1407587
V1	2	2	plain_scroll	15	1396666
V1	2	2	plain_scroll	16	1399966
V1	2	2	plain_scroll	17	1386000
V1	2	2	plain_scroll	18	1378541
V1	2	2	plain_scroll	19	1382837
V1	2	2	plain_scroll	20	1391025
V1	2	2	plain_scroll	21	1381720
V1	2	2	plain_scroll	22	1398500
V1	2	2	plain_scroll	23	1466058
V1	2	2	plain_scroll	24	1418404
V1	2	2	plain_scroll	25	1424020
V1	2	2	plain_scroll	26	1360095
V1	2	2	plain_scroll	27	1362133
V1	2	2	plain_scroll	28	1356112
V1	2	2	plain_scroll	29	1404179
V1	2	2	plain_scroll	30	1409529
V1	2	2	plain_scroll	31	1414437
V1	2	2	plain_scroll	32	1326054
V1	2	2	plain_scroll	33	1343058
V1	2	2	plain_scroll	34	1349662
V1	2	2	plain_scroll	35	1357670
V1	2	2	plain_scroll	36	1359975
V1	2	2	plain_scroll	37	1344991
V1	2	2	plain_scroll	38	1345779
V1	2	2	plain_scroll	39	1387362
V1	2	2	plain_scroll	40	1349958
V1	2	2	plain_scroll	41	1347854
V1	2	2	plain_scroll	42	1357745
V1	2	2	plain_scroll	43	1379679
V1	2	2	plain_scroll	44	1423591
V1	2	2	plain_scroll	45	1408533
V1	2	2	plain_scroll	46	1396962
V1	2	2	plain_scroll	47	1399525
V1	2	2	plain_scroll	48	1391904
V1	2	2	plain_scroll	49	1393091
V1	2	2	plain_scroll	50	1387879
V1	2	2	plain_scroll	51	1384612
V1	2	2	plain_scroll	52	1390108
V1	2	2	plain_scroll	53	1392900
V1	2	2	plain_scroll	54	1408233
V1	2	2	plain_scroll	55	1397537
V1	2	2	plain_scroll	56	1411750
V1	2	2	plain_scroll	57	1401916
V1	2	2	plain_scroll	58	1398270
V1	2	2	plain_scroll	59	1342183
V1	2	2	plain_scroll	60	1358850
V1	2	2	plain_scroll	61	1353008
V1	2	2	plain_scroll	62	1343683
V1	2	2	plain_scroll	63	1333425
V1	2	2	plain_scroll	64	1333483
V1	2	2	plain_scroll	65	1327941
V1	2	2	plain_scroll	66	1313950
V1	2	2	plain_scroll	67	1342504
V1	2	2	plain_scroll	68	1401591
V1	2	2	plain_scroll	69	1365141
V1	2	2	plain_scroll	70	1365391
V1	2	2	plain_scroll	71	1368600
V1	2	2	plain_scroll	72	1360737
V1	2	2	plain_scroll	73	1383904
V1	2	2	plain_scroll	74	1396237
V1	2	2	plain_scroll	75	1375062
V1	2	2	plain_scroll	76	1362216
V1	2	2	plain_scroll	77	1357670
V1	2	2	plain_scroll	78	1361516
V1	2	2	plain_scroll	79	1370383
V1	2	2	plain_scroll	80	1399237
V1	2	2	plain_scroll	81	1380904
V1	2	2	plain_scroll	82	1407183
V1	2	2	plain_scroll	83	1393566
V1	2	2	plain_scroll	84	1404533
V1	2	2	plain_scroll	85	1389241
V1	2	2	plain_scroll	86	1375629
V1	2	2	plain_scroll	87	1377983
V1	2	2	plain_scroll	88	1370620
V1	2	2	plain_scroll	89	1377412
V1	2	2	plain_scroll	90	1365187
V1	2	2	plain_scroll	91	1395533
V1	2	2	plain_scroll	92	1398054
V1	2	2	plain_scroll	93	1398983
V1	2	2	plain_scroll	94	1405020
V1	2	2	plain_scroll	95	1392262
V1	2	2	plain_scroll	96	1399500
V1	2	2	plain_scroll	97	1409958
V1	2	2	plain_scroll	98	1406687
V1	2	2	plain_scroll	99	1405666
V1	2	2	plain_scroll	100	1450054
V1	2	2	sparse_edit	1	99029
V1	2	2	sparse_edit	2	100637
V1	2	2	sparse_edit	3	99995
V1	2	2	sparse_edit	4	99579
V1	2	2	sparse_edit	5	100916
V1	2	2	sparse_edit	6	99145
V1	2	2	sparse_edit	7	100233
V1	2	2	sparse_edit	8	99558
V1	2	2	sparse_edit	9	100208
V1	2	2	sparse_edit	10	101462
V1	2	2	sparse_edit	11	102866
V1	2	2	sparse_edit	12	101125
V1	2	2	sparse_edit	13	100445
V1	2	2	sparse_edit	14	101370
V1	2	2	sparse_edit	15	99970
V1	2	2	sparse_edit	16	101812
V1	2	2	sparse_edit	17	101354
V1	2	2	sparse_edit	18	101320
V1	2	2	sparse_edit	19	99995
V1	2	2	sparse_edit	20	98875
V1	2	2	sparse_edit	21	99379
V1	2	2	sparse_edit	22	110350
V1	2	2	sparse_edit	23	101091
V1	2	2	sparse_edit	24	99112
V1	2	2	sparse_edit	25	99825
V1	2	2	sparse_edit	26	99233
V1	2	2	sparse_edit	27	98641
V1	2	2	sparse_edit	28	98395
V1	2	2	sparse_edit	29	100462
V1	2	2	sparse_edit	30	99537
V1	2	2	sparse_edit	31	99745
V1	2	2	sparse_edit	32	98741
V1	2	2	sparse_edit	33	99758
V1	2	2	sparse_edit	34	100358
V1	2	2	sparse_edit	35	100254
V1	2	2	sparse_edit	36	100141
V1	2	2	sparse_edit	37	98883
V1	2	2	sparse_edit	38	100333
V1	2	2	sparse_edit	39	100654
V1	2	2	sparse_edit	40	100112
V1	2	2	sparse_edit	41	101008
V1	2	2	sparse_edit	42	100170
V1	2	2	sparse_edit	43	101045
V1	2	2	sparse_edit	44	101695
V1	2	2	sparse_edit	45	101950
V1	2	2	sparse_edit	46	100795
V1	2	2	sparse_edit	47	100337
V1	2	2	sparse_edit	48	101191
V1	2	2	sparse_edit	49	100129
V1	2	2	sparse_edit	50	100383
V1	2	2	sparse_edit	51	100379
V1	2	2	sparse_edit	52	101062
V1	2	2	sparse_edit	53	100304
V1	2	2	sparse_edit	54	100800
V1	2	2	sparse_edit	55	99395
V1	2	2	sparse_edit	56	98866
V1	2	2	sparse_edit	57	98562
V1	2	2	sparse_edit	58	98095
V1	2	2	sparse_edit	59	98195
V1	2	2	sparse_edit	60	97979
V1	2	2	sparse_edit	61	99362
V1	2	2	sparse_edit	62	98141
V1	2	2	sparse_edit	63	98862
V1	2	2	sparse_edit	64	99279
V1	2	2	sparse_edit	65	100370
V1	2	2	sparse_edit	66	101208
V1	2	2	sparse_edit	67	99662
V1	2	2	sparse_edit	68	98312
V1	2	2	sparse_edit	69	99545
V1	2	2	sparse_edit	70	99950
V1	2	2	sparse_edit	71	99716
V1	2	2	sparse_edit	72	100491
V1	2	2	sparse_edit	73	99662
V1	2	2	sparse_edit	74	98641
V1	2	2	sparse_edit	75	100008
V1	2	2	sparse_edit	76	98745
V1	2	2	sparse_edit	77	100675
V1	2	2	sparse_edit	78	100420
V1	2	2	sparse_edit	79	100862
V1	2	2	sparse_edit	80	100262
V1	2	2	sparse_edit	81	101991
V1	2	2	sparse_edit	82	99970
V1	2	2	sparse_edit	83	101595
V1	2	2	sparse_edit	84	100204
V1	2	2	sparse_edit	85	99675
V1	2	2	sparse_edit	86	99862
V1	2	2	sparse_edit	87	100308
V1	2	2	sparse_edit	88	101170
V1	2	2	sparse_edit	89	100079
V1	2	2	sparse_edit	90	101429
V1	2	2	sparse_edit	91	100745
V1	2	2	sparse_edit	92	100300
V1	2	2	sparse_edit	93	101008
V1	2	2	sparse_edit	94	100608
V1	2	2	sparse_edit	95	112300
V1	2	2	sparse_edit	96	106012
V1	2	2	sparse_edit	97	100625
V1	2	2	sparse_edit	98	101308
V1	2	2	sparse_edit	99	100879
V1	2	2	sparse_edit	100	100854
V1	2	2	full_redraw	1	1313633
V1	2	2	full_redraw	2	1300008
V1	2	2	full_redraw	3	1328266
V1	2	2	full_redraw	4	1359212
V1	2	2	full_redraw	5	1352841
V1	2	2	full_redraw	6	1356175
V1	2	2	full_redraw	7	1343400
V1	2	2	full_redraw	8	1332820
V1	2	2	full_redraw	9	1337120
V1	2	2	full_redraw	10	1338700
V1	2	2	full_redraw	11	1314229
V1	2	2	full_redraw	12	1316850
V1	2	2	full_redraw	13	1334275
V1	2	2	full_redraw	14	1327200
V1	2	2	full_redraw	15	1341737
V1	2	2	full_redraw	16	1322133
V1	2	2	full_redraw	17	1283170
V1	2	2	full_redraw	18	1320483
V1	2	2	full_redraw	19	1328800
V1	2	2	full_redraw	20	1366516
V1	2	2	full_redraw	21	1349187
V1	2	2	full_redraw	22	1335425
V1	2	2	full_redraw	23	1319137
V1	2	2	full_redraw	24	1315600
V1	2	2	full_redraw	25	1366712
V1	2	2	full_redraw	26	1365187
V1	2	2	full_redraw	27	1334183
V1	2	2	full_redraw	28	1296045
V1	2	2	full_redraw	29	1313162
V1	2	2	full_redraw	30	1338737
V1	2	2	full_redraw	31	1314529
V1	2	2	full_redraw	32	1304662
V1	2	2	full_redraw	33	1319887
V1	2	2	full_redraw	34	1325725
V1	2	2	full_redraw	35	1373408
V1	2	2	full_redraw	36	1357700
V1	2	2	full_redraw	37	1342112
V1	2	2	full_redraw	38	1339741
V1	2	2	full_redraw	39	1334620
V1	2	2	full_redraw	40	1333775
V1	2	2	full_redraw	41	1264945
V1	2	2	full_redraw	42	1357258
V1	2	2	full_redraw	43	1362525
V1	2	2	full_redraw	44	1364004
V1	2	2	full_redraw	45	1297020
V1	2	2	full_redraw	46	1327445
V1	2	2	full_redraw	47	1364575
V1	2	2	full_redraw	48	1340325
V1	2	2	full_redraw	49	1369875
V1	2	2	full_redraw	50	1377629
V1	2	2	full_redraw	51	1342729
V1	2	2	full_redraw	52	1361062
V1	2	2	full_redraw	53	1349633
V1	2	2	full_redraw	54	1349783
V1	2	2	full_redraw	55	1375679
V1	2	2	full_redraw	56	1355141
V1	2	2	full_redraw	57	1375887
V1	2	2	full_redraw	58	1407433
V1	2	2	full_redraw	59	1363629
V1	2	2	full_redraw	60	1382445
V1	2	2	full_redraw	61	1359283
V1	2	2	full_redraw	62	1409400
V1	2	2	full_redraw	63	1368841
V1	2	2	full_redraw	64	1348800
V1	2	2	full_redraw	65	1344333
V1	2	2	full_redraw	66	1359804
V1	2	2	full_redraw	67	1399970
V1	2	2	full_redraw	68	1362629
V1	2	2	full_redraw	69	1344554
V1	2	2	full_redraw	70	1352312
V1	2	2	full_redraw	71	1322695
V1	2	2	full_redraw	72	1324012
V1	2	2	full_redraw	73	1348020
V1	2	2	full_redraw	74	1367041
V1	2	2	full_redraw	75	1362679
V1	2	2	full_redraw	76	1346916
V1	2	2	full_redraw	77	1328262
V1	2	2	full_redraw	78	1322795
V1	2	2	full_redraw	79	1469362
V1	2	2	full_redraw	80	1384529
V1	2	2	full_redraw	81	1356783
V1	2	2	full_redraw	82	1377008
V1	2	2	full_redraw	83	1360137
V1	2	2	full_redraw	84	1371783
V1	2	2	full_redraw	85	1348412
V1	2	2	full_redraw	86	1340741
V1	2	2	full_redraw	87	1384179
V1	2	2	full_redraw	88	1342950
V1	2	2	full_redraw	89	1326745
V1	2	2	full_redraw	90	1360229
V1	2	2	full_redraw	91	1318312
V1	2	2	full_redraw	92	1367187
V1	2	2	full_redraw	93	1388645
V1	2	2	full_redraw	94	1363520
V1	2	2	full_redraw	95	1336554
V1	2	2	full_redraw	96	1336062
V1	2	2	full_redraw	97	1362808
V1	2	2	full_redraw	98	1374895
V1	2	2	full_redraw	99	1367566
V1	2	2	full_redraw	100	1341466
V1	3	1	dense_colour	1	2993629
V1	3	1	dense_colour	2	2974212
V1	3	1	dense_colour	3	2954837
V1	3	1	dense_colour	4	2959637
V1	3	1	dense_colour	5	3009962
V1	3	1	dense_colour	6	2987008
V1	3	1	dense_colour	7	3017291
V1	3	1	dense_colour	8	2994237
V1	3	1	dense_colour	9	2960637
V1	3	1	dense_colour	10	2942579
V1	3	1	dense_colour	11	2947075
V1	3	1	dense_colour	12	2944737
V1	3	1	dense_colour	13	2980458
V1	3	1	dense_colour	14	2922629
V1	3	1	dense_colour	15	2918658
V1	3	1	dense_colour	16	2950408
V1	3	1	dense_colour	17	2938433
V1	3	1	dense_colour	18	2967958
V1	3	1	dense_colour	19	2932037
V1	3	1	dense_colour	20	2894079
V1	3	1	dense_colour	21	3120379
V1	3	1	dense_colour	22	2978037
V1	3	1	dense_colour	23	2962508
V1	3	1	dense_colour	24	2906633
V1	3	1	dense_colour	25	2993520
V1	3	1	dense_colour	26	2909058
V1	3	1	dense_colour	27	2966120
V1	3	1	dense_colour	28	2912754
V1	3	1	dense_colour	29	2978387
V1	3	1	dense_colour	30	2991562
V1	3	1	dense_colour	31	2922883
V1	3	1	dense_colour	32	2941729
V1	3	1	dense_colour	33	2951400
V1	3	1	dense_colour	34	2927337
V1	3	1	dense_colour	35	2943566
V1	3	1	dense_colour	36	2967320
V1	3	1	dense_colour	37	2990520
V1	3	1	dense_colour	38	2950333
V1	3	1	dense_colour	39	2967262
V1	3	1	dense_colour	40	2922404
V1	3	1	dense_colour	41	2942112
V1	3	1	dense_colour	42	2910750
V1	3	1	dense_colour	43	2902962
V1	3	1	dense_colour	44	2948716
V1	3	1	dense_colour	45	2961733
V1	3	1	dense_colour	46	2969608
V1	3	1	dense_colour	47	2974020
V1	3	1	dense_colour	48	2933104
V1	3	1	dense_colour	49	2927250
V1	3	1	dense_colour	50	2895329
V1	3	1	dense_colour	51	2903670
V1	3	1	dense_colour	52	2900750
V1	3	1	dense_colour	53	2928595
V1	3	1	dense_colour	54	2913062
V1	3	1	dense_colour	55	2940658
V1	3	1	dense_colour	56	2954733
V1	3	1	dense_colour	57	2978137
V1	3	1	dense_colour	58	2916004
V1	3	1	dense_colour	59	2924729
V1	3	1	dense_colour	60	2869104
V1	3	1	dense_colour	61	2942420
V1	3	1	dense_colour	62	2911491
V1	3	1	dense_colour	63	2929750
V1	3	1	dense_colour	64	2963491
V1	3	1	dense_colour	65	2978429
V1	3	1	dense_colour	66	2926454
V1	3	1	dense_colour	67	2899504
V1	3	1	dense_colour	68	2900712
V1	3	1	dense_colour	69	2952020
V1	3	1	dense_colour	70	2949037
V1	3	1	dense_colour	71	2954645
V1	3	1	dense_colour	72	2989804
V1	3	1	dense_colour	73	2945258
V1	3	1	dense_colour	74	2939950
V1	3	1	dense_colour	75	2922358
V1	3	1	dense_colour	76	2923137
V1	3	1	dense_colour	77	2942229
V1	3	1	dense_colour	78	2945204
V1	3	1	dense_colour	79	2934079
V1	3	1	dense_colour	80	2961387
V1	3	1	dense_colour	81	2950237
V1	3	1	dense_colour	82	2903300
V1	3	1	dense_colour	83	2900012
V1	3	1	dense_colour	84	2880075
V1	3	1	dense_colour	85	2885233
V1	3	1	dense_colour	86	2867033
V1	3	1	dense_colour	87	2863241
V1	3	1	dense_colour	88	2844100
V1	3	1	dense_colour	89	2856512
V1	3	1	dense_colour	90	2845050
V1	3	1	dense_colour	91	2877991
V1	3	1	dense_colour	92	2851354
V1	3	1	dense_colour	93	2925179
V1	3	1	dense_colour	94	2877595
V1	3	1	dense_colour	95	3034283
V1	3	1	dense_colour	96	3306654
V1	3	1	dense_colour	97	2963962
V1	3	1	dense_colour	98	2986204
V1	3	1	dense_colour	99	2929604
V1	3	1	dense_colour	100	2960416
V1	3	1	plain_scroll	1	1422670
V1	3	1	plain_scroll	2	1377875
V1	3	1	plain_scroll	3	1409175
V1	3	1	plain_scroll	4	1430820
V1	3	1	plain_scroll	5	1447791
V1	3	1	plain_scroll	6	1434041
V1	3	1	plain_scroll	7	1439041
V1	3	1	plain_scroll	8	1440579
V1	3	1	plain_scroll	9	1441937
V1	3	1	plain_scroll	10	1448500
V1	3	1	plain_scroll	11	1396333
V1	3	1	plain_scroll	12	1401141
V1	3	1	plain_scroll	13	1403712
V1	3	1	plain_scroll	14	1421341
V1	3	1	plain_scroll	15	1452179
V1	3	1	plain_scroll	16	1428095
V1	3	1	plain_scroll	17	1416833
V1	3	1	plain_scroll	18	1434133
V1	3	1	plain_scroll	19	1418558
V1	3	1	plain_scroll	20	1410937
V1	3	1	plain_scroll	21	1428504
V1	3	1	plain_scroll	22	1418516
V1	3	1	plain_scroll	23	1431466
V1	3	1	plain_scroll	24	1416095
V1	3	1	plain_scroll	25	1433362
V1	3	1	plain_scroll	26	1424437
V1	3	1	plain_scroll	27	1417820
V1	3	1	plain_scroll	28	1423941
V1	3	1	plain_scroll	29	1411033
V1	3	1	plain_scroll	30	1419733
V1	3	1	plain_scroll	31	1458429
V1	3	1	plain_scroll	32	1447629
V1	3	1	plain_scroll	33	1427962
V1	3	1	plain_scroll	34	1425770
V1	3	1	plain_scroll	35	1412362
V1	3	1	plain_scroll	36	1414520
V1	3	1	plain_scroll	37	1479241
V1	3	1	plain_scroll	38	1468679
V1	3	1	plain_scroll	39	1460670
V1	3	1	plain_scroll	40	1464508
V1	3	1	plain_scroll	41	1413133
V1	3	1	plain_scroll	42	1414395
V1	3	1	plain_scroll	43	1393712
V1	3	1	plain_scroll	44	1427058
V1	3	1	plain_scroll	45	1423904
V1	3	1	plain_scroll	46	1410916
V1	3	1	plain_scroll	47	1428904
V1	3	1	plain_scroll	48	1397695
V1	3	1	plain_scroll	49	1375683
V1	3	1	plain_scroll	50	1389108
V1	3	1	plain_scroll	51	1398283
V1	3	1	plain_scroll	52	1415470
V1	3	1	plain_scroll	53	1380116
V1	3	1	plain_scroll	54	1368700
V1	3	1	plain_scroll	55	1386083
V1	3	1	plain_scroll	56	1422612
V1	3	1	plain_scroll	57	1407091
V1	3	1	plain_scroll	58	1386816
V1	3	1	plain_scroll	59	1372429
V1	3	1	plain_scroll	60	1379204
V1	3	1	plain_scroll	61	1386833
V1	3	1	plain_scroll	62	1410045
V1	3	1	plain_scroll	63	1401779
V1	3	1	plain_scroll	64	1418083
V1	3	1	plain_scroll	65	1413766
V1	3	1	plain_scroll	66	1394387
V1	3	1	plain_scroll	67	1431300
V1	3	1	plain_scroll	68	1415762
V1	3	1	plain_scroll	69	1411700
V1	3	1	plain_scroll	70	1417354
V1	3	1	plain_scroll	71	1450895
V1	3	1	plain_scroll	72	1440462
V1	3	1	plain_scroll	73	1421075
V1	3	1	plain_scroll	74	1405183
V1	3	1	plain_scroll	75	1403954
V1	3	1	plain_scroll	76	1399266
V1	3	1	plain_scroll	77	1420120
V1	3	1	plain_scroll	78	1403316
V1	3	1	plain_scroll	79	1392512
V1	3	1	plain_scroll	80	1387420
V1	3	1	plain_scroll	81	1409308
V1	3	1	plain_scroll	82	1417037
V1	3	1	plain_scroll	83	1433895
V1	3	1	plain_scroll	84	1412091
V1	3	1	plain_scroll	85	1402862
V1	3	1	plain_scroll	86	1389495
V1	3	1	plain_scroll	87	1387591
V1	3	1	plain_scroll	88	1437616
V1	3	1	plain_scroll	89	1430404
V1	3	1	plain_scroll	90	1424558
V1	3	1	plain_scroll	91	1431745
V1	3	1	plain_scroll	92	1423383
V1	3	1	plain_scroll	93	1431275
V1	3	1	plain_scroll	94	1413983
V1	3	1	plain_scroll	95	1425725
V1	3	1	plain_scroll	96	1396258
V1	3	1	plain_scroll	97	1374566
V1	3	1	plain_scroll	98	1391491
V1	3	1	plain_scroll	99	1439604
V1	3	1	plain_scroll	100	1429070
V1	3	1	sparse_edit	1	98029
V1	3	1	sparse_edit	2	97991
V1	3	1	sparse_edit	3	98333
V1	3	1	sparse_edit	4	98233
V1	3	1	sparse_edit	5	99083
V1	3	1	sparse_edit	6	99512
V1	3	1	sparse_edit	7	100383
V1	3	1	sparse_edit	8	99970
V1	3	1	sparse_edit	9	99370
V1	3	1	sparse_edit	10	100054
V1	3	1	sparse_edit	11	99433
V1	3	1	sparse_edit	12	99687
V1	3	1	sparse_edit	13	100695
V1	3	1	sparse_edit	14	100004
V1	3	1	sparse_edit	15	106804
V1	3	1	sparse_edit	16	98958
V1	3	1	sparse_edit	17	99441
V1	3	1	sparse_edit	18	98612
V1	3	1	sparse_edit	19	98012
V1	3	1	sparse_edit	20	98454
V1	3	1	sparse_edit	21	98008
V1	3	1	sparse_edit	22	98066
V1	3	1	sparse_edit	23	97925
V1	3	1	sparse_edit	24	98004
V1	3	1	sparse_edit	25	101037
V1	3	1	sparse_edit	26	101179
V1	3	1	sparse_edit	27	100733
V1	3	1	sparse_edit	28	101125
V1	3	1	sparse_edit	29	100291
V1	3	1	sparse_edit	30	99220
V1	3	1	sparse_edit	31	100904
V1	3	1	sparse_edit	32	99708
V1	3	1	sparse_edit	33	99262
V1	3	1	sparse_edit	34	99537
V1	3	1	sparse_edit	35	99725
V1	3	1	sparse_edit	36	99150
V1	3	1	sparse_edit	37	99191
V1	3	1	sparse_edit	38	99104
V1	3	1	sparse_edit	39	100045
V1	3	1	sparse_edit	40	100937
V1	3	1	sparse_edit	41	101333
V1	3	1	sparse_edit	42	100920
V1	3	1	sparse_edit	43	101108
V1	3	1	sparse_edit	44	101020
V1	3	1	sparse_edit	45	101308
V1	3	1	sparse_edit	46	101229
V1	3	1	sparse_edit	47	99491
V1	3	1	sparse_edit	48	99704
V1	3	1	sparse_edit	49	99537
V1	3	1	sparse_edit	50	101362
V1	3	1	sparse_edit	51	101008
V1	3	1	sparse_edit	52	100491
V1	3	1	sparse_edit	53	99416
V1	3	1	sparse_edit	54	99658
V1	3	1	sparse_edit	55	100362
V1	3	1	sparse_edit	56	99125
V1	3	1	sparse_edit	57	99745
V1	3	1	sparse_edit	58	99358
V1	3	1	sparse_edit	59	100858
V1	3	1	sparse_edit	60	100941
V1	3	1	sparse_edit	61	99866
V1	3	1	sparse_edit	62	100875
V1	3	1	sparse_edit	63	100658
V1	3	1	sparse_edit	64	101045
V1	3	1	sparse_edit	65	101841
V1	3	1	sparse_edit	66	103995
V1	3	1	sparse_edit	67	98416
V1	3	1	sparse_edit	68	97733
V1	3	1	sparse_edit	69	98275
V1	3	1	sparse_edit	70	98308
V1	3	1	sparse_edit	71	98008
V1	3	1	sparse_edit	72	97983
V1	3	1	sparse_edit	73	97987
V1	3	1	sparse_edit	74	98300
V1	3	1	sparse_edit	75	97908
V1	3	1	sparse_edit	76	98500
V1	3	1	sparse_edit	77	102325
V1	3	1	sparse_edit	78	99283
V1	3	1	sparse_edit	79	99779
V1	3	1	sparse_edit	80	99579
V1	3	1	sparse_edit	81	99220
V1	3	1	sparse_edit	82	99250
V1	3	1	sparse_edit	83	99187
V1	3	1	sparse_edit	84	99466
V1	3	1	sparse_edit	85	102708
V1	3	1	sparse_edit	86	100062
V1	3	1	sparse_edit	87	101425
V1	3	1	sparse_edit	88	100975
V1	3	1	sparse_edit	89	100316
V1	3	1	sparse_edit	90	99870
V1	3	1	sparse_edit	91	99745
V1	3	1	sparse_edit	92	99425
V1	3	1	sparse_edit	93	99741
V1	3	1	sparse_edit	94	99766
V1	3	1	sparse_edit	95	100370
V1	3	1	sparse_edit	96	99450
V1	3	1	sparse_edit	97	100195
V1	3	1	sparse_edit	98	100529
V1	3	1	sparse_edit	99	98541
V1	3	1	sparse_edit	100	97945
V1	3	1	full_redraw	1	1315012
V1	3	1	full_redraw	2	1283608
V1	3	1	full_redraw	3	1331204
V1	3	1	full_redraw	4	1328533
V1	3	1	full_redraw	5	1297737
V1	3	1	full_redraw	6	1294479
V1	3	1	full_redraw	7	1294345
V1	3	1	full_redraw	8	1328979
V1	3	1	full_redraw	9	1329695
V1	3	1	full_redraw	10	1309637
V1	3	1	full_redraw	11	1300841
V1	3	1	full_redraw	12	1291770
V1	3	1	full_redraw	13	1261670
V1	3	1	full_redraw	14	1269816
V1	3	1	full_redraw	15	1288462
V1	3	1	full_redraw	16	1268237
V1	3	1	full_redraw	17	1264608
V1	3	1	full_redraw	18	1259345
V1	3	1	full_redraw	19	1258516
V1	3	1	full_redraw	20	1255370
V1	3	1	full_redraw	21	1282137
V1	3	1	full_redraw	22	1335612
V1	3	1	full_redraw	23	1342645
V1	3	1	full_redraw	24	1286791
V1	3	1	full_redraw	25	1351970
V1	3	1	full_redraw	26	1357770
V1	3	1	full_redraw	27	1343625
V1	3	1	full_redraw	28	1336875
V1	3	1	full_redraw	29	1310008
V1	3	1	full_redraw	30	1313025
V1	3	1	full_redraw	31	1312129
V1	3	1	full_redraw	32	1316041
V1	3	1	full_redraw	33	1323666
V1	3	1	full_redraw	34	1315670
V1	3	1	full_redraw	35	1299858
V1	3	1	full_redraw	36	1305758
V1	3	1	full_redraw	37	1302325
V1	3	1	full_redraw	38	1298700
V1	3	1	full_redraw	39	1301633
V1	3	1	full_redraw	40	1289329
V1	3	1	full_redraw	41	1301520
V1	3	1	full_redraw	42	1291000
V1	3	1	full_redraw	43	1322104
V1	3	1	full_redraw	44	1302445
V1	3	1	full_redraw	45	1289108
V1	3	1	full_redraw	46	1285658
V1	3	1	full_redraw	47	1278854
V1	3	1	full_redraw	48	1276537
V1	3	1	full_redraw	49	1283741
V1	3	1	full_redraw	50	1276275
V1	3	1	full_redraw	51	1278525
V1	3	1	full_redraw	52	1324008
V1	3	1	full_redraw	53	1317950
V1	3	1	full_redraw	54	1309266
V1	3	1	full_redraw	55	1305470
V1	3	1	full_redraw	56	1302187
V1	3	1	full_redraw	57	1303125
V1	3	1	full_redraw	58	1308758
V1	3	1	full_redraw	59	1295579
V1	3	1	full_redraw	60	1301700
V1	3	1	full_redraw	61	1294354
V1	3	1	full_redraw	62	1329470
V1	3	1	full_redraw	63	1320379
V1	3	1	full_redraw	64	1323241
V1	3	1	full_redraw	65	1324208
V1	3	1	full_redraw	66	1322112
V1	3	1	full_redraw	67	1313187
V1	3	1	full_redraw	68	1313566
V1	3	1	full_redraw	69	1317308
V1	3	1	full_redraw	70	1324950
V1	3	1	full_redraw	71	1323250
V1	3	1	full_redraw	72	1312412
V1	3	1	full_redraw	73	1304587
V1	3	1	full_redraw	74	1299325
V1	3	1	full_redraw	75	1298775
V1	3	1	full_redraw	76	1297075
V1	3	1	full_redraw	77	1307858
V1	3	1	full_redraw	78	1318170
V1	3	1	full_redraw	79	1313250
V1	3	1	full_redraw	80	1327445
V1	3	1	full_redraw	81	1331829
V1	3	1	full_redraw	82	1309600
V1	3	1	full_redraw	83	1325658
V1	3	1	full_redraw	84	1305391
V1	3	1	full_redraw	85	1288462
V1	3	1	full_redraw	86	1291887
V1	3	1	full_redraw	87	1310716
V1	3	1	full_redraw	88	1330283
V1	3	1	full_redraw	89	1313300
V1	3	1	full_redraw	90	1307100
V1	3	1	full_redraw	91	1284487
V1	3	1	full_redraw	92	1290975
V1	3	1	full_redraw	93	1294741
V1	3	1	full_redraw	94	1291466
V1	3	1	full_redraw	95	1299208
V1	3	1	full_redraw	96	1292958
V1	3	1	full_redraw	97	1290916
V1	3	1	full_redraw	98	1290608
V1	3	1	full_redraw	99	1319208
V1	3	1	full_redraw	100	1331554
V3	3	2	dense_colour	1	164216
V3	3	2	dense_colour	2	162916
V3	3	2	dense_colour	3	163541
V3	3	2	dense_colour	4	164404
V3	3	2	dense_colour	5	163470
V3	3	2	dense_colour	6	166512
V3	3	2	dense_colour	7	164420
V3	3	2	dense_colour	8	163737
V3	3	2	dense_colour	9	164370
V3	3	2	dense_colour	10	167212
V3	3	2	dense_colour	11	162070
V3	3	2	dense_colour	12	161312
V3	3	2	dense_colour	13	162187
V3	3	2	dense_colour	14	161416
V3	3	2	dense_colour	15	162962
V3	3	2	dense_colour	16	162966
V3	3	2	dense_colour	17	167516
V3	3	2	dense_colour	18	163283
V3	3	2	dense_colour	19	162670
V3	3	2	dense_colour	20	161458
V3	3	2	dense_colour	21	162158
V3	3	2	dense_colour	22	163841
V3	3	2	dense_colour	23	165066
V3	3	2	dense_colour	24	165875
V3	3	2	dense_colour	25	161833
V3	3	2	dense_colour	26	162058
V3	3	2	dense_colour	27	163750
V3	3	2	dense_colour	28	161941
V3	3	2	dense_colour	29	165420
V3	3	2	dense_colour	30	162604
V3	3	2	dense_colour	31	166158
V3	3	2	dense_colour	32	157612
V3	3	2	dense_colour	33	161666
V3	3	2	dense_colour	34	164633
V3	3	2	dense_colour	35	171770
V3	3	2	dense_colour	36	166250
V3	3	2	dense_colour	37	184366
V3	3	2	dense_colour	38	166216
V3	3	2	dense_colour	39	168716
V3	3	2	dense_colour	40	165520
V3	3	2	dense_colour	41	169237
V3	3	2	dense_colour	42	166312
V3	3	2	dense_colour	43	166162
V3	3	2	dense_colour	44	165133
V3	3	2	dense_colour	45	165591
V3	3	2	dense_colour	46	166466
V3	3	2	dense_colour	47	164795
V3	3	2	dense_colour	48	161979
V3	3	2	dense_colour	49	167658
V3	3	2	dense_colour	50	166833
V3	3	2	dense_colour	51	166295
V3	3	2	dense_colour	52	165641
V3	3	2	dense_colour	53	171058
V3	3	2	dense_colour	54	163166
V3	3	2	dense_colour	55	164762
V3	3	2	dense_colour	56	161258
V3	3	2	dense_colour	57	164970
V3	3	2	dense_colour	58	165379
V3	3	2	dense_colour	59	164904
V3	3	2	dense_colour	60	166154
V3	3	2	dense_colour	61	165850
V3	3	2	dense_colour	62	167395
V3	3	2	dense_colour	63	166704
V3	3	2	dense_colour	64	165104
V3	3	2	dense_colour	65	164870
V3	3	2	dense_colour	66	165850
V3	3	2	dense_colour	67	170845
V3	3	2	dense_colour	68	163720
V3	3	2	dense_colour	69	165983
V3	3	2	dense_colour	70	167870
V3	3	2	dense_colour	71	165129
V3	3	2	dense_colour	72	165337
V3	3	2	dense_colour	73	172350
V3	3	2	dense_colour	74	164670
V3	3	2	dense_colour	75	163833
V3	3	2	dense_colour	76	161141
V3	3	2	dense_colour	77	164562
V3	3	2	dense_colour	78	165475
V3	3	2	dense_colour	79	166229
V3	3	2	dense_colour	80	164204
V3	3	2	dense_colour	81	163579
V3	3	2	dense_colour	82	164966
V3	3	2	dense_colour	83	165125
V3	3	2	dense_colour	84	164475
V3	3	2	dense_colour	85	162991
V3	3	2	dense_colour	86	167120
V3	3	2	dense_colour	87	163641
V3	3	2	dense_colour	88	166966
V3	3	2	dense_colour	89	166091
V3	3	2	dense_colour	90	164991
V3	3	2	dense_colour	91	163820
V3	3	2	dense_colour	92	168137
V3	3	2	dense_colour	93	177466
V3	3	2	dense_colour	94	166704
V3	3	2	dense_colour	95	168741
V3	3	2	dense_colour	96	167404
V3	3	2	dense_colour	97	168750
V3	3	2	dense_colour	98	163291
V3	3	2	dense_colour	99	162141
V3	3	2	dense_colour	100	161183
V3	3	2	plain_scroll	1	69679
V3	3	2	plain_scroll	2	69858
V3	3	2	plain_scroll	3	70395
V3	3	2	plain_scroll	4	69487
V3	3	2	plain_scroll	5	69887
V3	3	2	plain_scroll	6	71308
V3	3	2	plain_scroll	7	71150
V3	3	2	plain_scroll	8	70229
V3	3	2	plain_scroll	9	69358
V3	3	2	plain_scroll	10	69358
V3	3	2	plain_scroll	11	68754
V3	3	2	plain_scroll	12	70229
V3	3	2	plain_scroll	13	69550
V3	3	2	plain_scroll	14	70912
V3	3	2	plain_scroll	15	70537
V3	3	2	plain_scroll	16	70550
V3	3	2	plain_scroll	17	70008
V3	3	2	plain_scroll	18	70595
V3	3	2	plain_scroll	19	68037
V3	3	2	plain_scroll	20	69970
V3	3	2	plain_scroll	21	70441
V3	3	2	plain_scroll	22	72279
V3	3	2	plain_scroll	23	71595
V3	3	2	plain_scroll	24	69754
V3	3	2	plain_scroll	25	75758
V3	3	2	plain_scroll	26	72062
V3	3	2	plain_scroll	27	72041
V3	3	2	plain_scroll	28	71162
V3	3	2	plain_scroll	29	68075
V3	3	2	plain_scroll	30	70754
V3	3	2	plain_scroll	31	70508
V3	3	2	plain_scroll	32	71704
V3	3	2	plain_scroll	33	71116
V3	3	2	plain_scroll	34	71450
V3	3	2	plain_scroll	35	69508
V3	3	2	plain_scroll	36	70420
V3	3	2	plain_scroll	37	70875
V3	3	2	plain_scroll	38	71737
V3	3	2	plain_scroll	39	69933
V3	3	2	plain_scroll	40	69562
V3	3	2	plain_scroll	41	66475
V3	3	2	plain_scroll	42	67658
V3	3	2	plain_scroll	43	69762
V3	3	2	plain_scroll	44	69695
V3	3	2	plain_scroll	45	69754
V3	3	2	plain_scroll	46	71062
V3	3	2	plain_scroll	47	69758
V3	3	2	plain_scroll	48	69916
V3	3	2	plain_scroll	49	67720
V3	3	2	plain_scroll	50	70029
V3	3	2	plain_scroll	51	70058
V3	3	2	plain_scroll	52	69741
V3	3	2	plain_scroll	53	70400
V3	3	2	plain_scroll	54	68725
V3	3	2	plain_scroll	55	68775
V3	3	2	plain_scroll	56	69204
V3	3	2	plain_scroll	57	71112
V3	3	2	plain_scroll	58	73333
V3	3	2	plain_scroll	59	68512
V3	3	2	plain_scroll	60	70970
V3	3	2	plain_scroll	61	69437
V3	3	2	plain_scroll	62	70225
V3	3	2	plain_scroll	63	72887
V3	3	2	plain_scroll	64	72229
V3	3	2	plain_scroll	65	69925
V3	3	2	plain_scroll	66	67483
V3	3	2	plain_scroll	67	69791
V3	3	2	plain_scroll	68	69666
V3	3	2	plain_scroll	69	70895
V3	3	2	plain_scroll	70	73900
V3	3	2	plain_scroll	71	70729
V3	3	2	plain_scroll	72	80891
V3	3	2	plain_scroll	73	72325
V3	3	2	plain_scroll	74	75095
V3	3	2	plain_scroll	75	72991
V3	3	2	plain_scroll	76	71604
V3	3	2	plain_scroll	77	73637
V3	3	2	plain_scroll	78	72762
V3	3	2	plain_scroll	79	70179
V3	3	2	plain_scroll	80	70275
V3	3	2	plain_scroll	81	73037
V3	3	2	plain_scroll	82	73916
V3	3	2	plain_scroll	83	71437
V3	3	2	plain_scroll	84	71854
V3	3	2	plain_scroll	85	73954
V3	3	2	plain_scroll	86	73366
V3	3	2	plain_scroll	87	71941
V3	3	2	plain_scroll	88	72762
V3	3	2	plain_scroll	89	71570
V3	3	2	plain_scroll	90	70033
V3	3	2	plain_scroll	91	72050
V3	3	2	plain_scroll	92	72895
V3	3	2	plain_scroll	93	72029
V3	3	2	plain_scroll	94	69454
V3	3	2	plain_scroll	95	69970
V3	3	2	plain_scroll	96	71150
V3	3	2	plain_scroll	97	71083
V3	3	2	plain_scroll	98	70812
V3	3	2	plain_scroll	99	70495
V3	3	2	plain_scroll	100	68866
V3	3	2	sparse_edit	1	32295
V3	3	2	sparse_edit	2	32141
V3	3	2	sparse_edit	3	32920
V3	3	2	sparse_edit	4	32954
V3	3	2	sparse_edit	5	32300
V3	3	2	sparse_edit	6	31633
V3	3	2	sparse_edit	7	31620
V3	3	2	sparse_edit	8	32191
V3	3	2	sparse_edit	9	32600
V3	3	2	sparse_edit	10	32545
V3	3	2	sparse_edit	11	31958
V3	3	2	sparse_edit	12	32037
V3	3	2	sparse_edit	13	33704
V3	3	2	sparse_edit	14	31491
V3	3	2	sparse_edit	15	32229
V3	3	2	sparse_edit	16	32250
V3	3	2	sparse_edit	17	31412
V3	3	2	sparse_edit	18	30912
V3	3	2	sparse_edit	19	32220
V3	3	2	sparse_edit	20	31766
V3	3	2	sparse_edit	21	32000
V3	3	2	sparse_edit	22	32987
V3	3	2	sparse_edit	23	32058
V3	3	2	sparse_edit	24	32075
V3	3	2	sparse_edit	25	32479
V3	3	2	sparse_edit	26	32908
V3	3	2	sparse_edit	27	32458
V3	3	2	sparse_edit	28	32362
V3	3	2	sparse_edit	29	32350
V3	3	2	sparse_edit	30	32416
V3	3	2	sparse_edit	31	32104
V3	3	2	sparse_edit	32	32450
V3	3	2	sparse_edit	33	34712
V3	3	2	sparse_edit	34	31887
V3	3	2	sparse_edit	35	31912
V3	3	2	sparse_edit	36	39291
V3	3	2	sparse_edit	37	34137
V3	3	2	sparse_edit	38	29883
V3	3	2	sparse_edit	39	31154
V3	3	2	sparse_edit	40	31337
V3	3	2	sparse_edit	41	31687
V3	3	2	sparse_edit	42	33008
V3	3	2	sparse_edit	43	31458
V3	3	2	sparse_edit	44	32483
V3	3	2	sparse_edit	45	32416
V3	3	2	sparse_edit	46	32425
V3	3	2	sparse_edit	47	32545
V3	3	2	sparse_edit	48	32404
V3	3	2	sparse_edit	49	32520
V3	3	2	sparse_edit	50	32441
V3	3	2	sparse_edit	51	32525
V3	3	2	sparse_edit	52	34254
V3	3	2	sparse_edit	53	32745
V3	3	2	sparse_edit	54	33429
V3	3	2	sparse_edit	55	32279
V3	3	2	sparse_edit	56	32300
V3	3	2	sparse_edit	57	32570
V3	3	2	sparse_edit	58	31966
V3	3	2	sparse_edit	59	32270
V3	3	2	sparse_edit	60	32416
V3	3	2	sparse_edit	61	32433
V3	3	2	sparse_edit	62	32266
V3	3	2	sparse_edit	63	31920
V3	3	2	sparse_edit	64	32387
V3	3	2	sparse_edit	65	31704
V3	3	2	sparse_edit	66	31725
V3	3	2	sparse_edit	67	31700
V3	3	2	sparse_edit	68	31737
V3	3	2	sparse_edit	69	31816
V3	3	2	sparse_edit	70	31708
V3	3	2	sparse_edit	71	31791
V3	3	2	sparse_edit	72	32195
V3	3	2	sparse_edit	73	32437
V3	3	2	sparse_edit	74	32816
V3	3	2	sparse_edit	75	32291
V3	3	2	sparse_edit	76	31758
V3	3	2	sparse_edit	77	31354
V3	3	2	sparse_edit	78	31370
V3	3	2	sparse_edit	79	31404
V3	3	2	sparse_edit	80	31483
V3	3	2	sparse_edit	81	32654
V3	3	2	sparse_edit	82	31737
V3	3	2	sparse_edit	83	31779
V3	3	2	sparse_edit	84	32250
V3	3	2	sparse_edit	85	32383
V3	3	2	sparse_edit	86	32183
V3	3	2	sparse_edit	87	31766
V3	3	2	sparse_edit	88	31800
V3	3	2	sparse_edit	89	31829
V3	3	2	sparse_edit	90	31779
V3	3	2	sparse_edit	91	31820
V3	3	2	sparse_edit	92	31829
V3	3	2	sparse_edit	93	31800
V3	3	2	sparse_edit	94	31795
V3	3	2	sparse_edit	95	34020
V3	3	2	sparse_edit	96	32654
V3	3	2	sparse_edit	97	36112
V3	3	2	sparse_edit	98	36095
V3	3	2	sparse_edit	99	36050
V3	3	2	sparse_edit	100	36087
V3	3	2	full_redraw	1	69675
V3	3	2	full_redraw	2	69354
V3	3	2	full_redraw	3	68854
V3	3	2	full_redraw	4	68895
V3	3	2	full_redraw	5	68900
V3	3	2	full_redraw	6	69187
V3	3	2	full_redraw	7	68937
V3	3	2	full_redraw	8	68825
V3	3	2	full_redraw	9	68800
V3	3	2	full_redraw	10	70266
V3	3	2	full_redraw	11	69225
V3	3	2	full_redraw	12	68541
V3	3	2	full_redraw	13	68887
V3	3	2	full_redraw	14	69066
V3	3	2	full_redraw	15	70375
V3	3	2	full_redraw	16	72237
V3	3	2	full_redraw	17	56245
V3	3	2	full_redraw	18	54475
V3	3	2	full_redraw	19	61470
V3	3	2	full_redraw	20	62129
V3	3	2	full_redraw	21	60329
V3	3	2	full_redraw	22	61470
V3	3	2	full_redraw	23	61741
V3	3	2	full_redraw	24	60637
V3	3	2	full_redraw	25	60141
V3	3	2	full_redraw	26	55512
V3	3	2	full_redraw	27	55866
V3	3	2	full_redraw	28	54737
V3	3	2	full_redraw	29	54850
V3	3	2	full_redraw	30	54750
V3	3	2	full_redraw	31	54729
V3	3	2	full_redraw	32	54850
V3	3	2	full_redraw	33	54966
V3	3	2	full_redraw	34	55212
V3	3	2	full_redraw	35	54704
V3	3	2	full_redraw	36	54787
V3	3	2	full_redraw	37	56012
V3	3	2	full_redraw	38	53266
V3	3	2	full_redraw	39	54754
V3	3	2	full_redraw	40	54979
V3	3	2	full_redraw	41	55358
V3	3	2	full_redraw	42	55433
V3	3	2	full_redraw	43	55500
V3	3	2	full_redraw	44	55183
V3	3	2	full_redraw	45	55900
V3	3	2	full_redraw	46	56591
V3	3	2	full_redraw	47	56612
V3	3	2	full_redraw	48	56379
V3	3	2	full_redraw	49	55041
V3	3	2	full_redraw	50	61662
V3	3	2	full_redraw	51	57229
V3	3	2	full_redraw	52	56058
V3	3	2	full_redraw	53	56262
V3	3	2	full_redraw	54	55820
V3	3	2	full_redraw	55	55650
V3	3	2	full_redraw	56	55754
V3	3	2	full_redraw	57	55733
V3	3	2	full_redraw	58	55637
V3	3	2	full_redraw	59	55816
V3	3	2	full_redraw	60	55600
V3	3	2	full_redraw	61	55800
V3	3	2	full_redraw	62	55750
V3	3	2	full_redraw	63	55779
V3	3	2	full_redraw	64	55795
V3	3	2	full_redraw	65	55720
V3	3	2	full_redraw	66	55712
V3	3	2	full_redraw	67	55704
V3	3	2	full_redraw	68	55875
V3	3	2	full_redraw	69	55975
V3	3	2	full_redraw	70	55654
V3	3	2	full_redraw	71	55675
V3	3	2	full_redraw	72	60637
V3	3	2	full_redraw	73	58112
V3	3	2	full_redraw	74	56566
V3	3	2	full_redraw	75	64162
V3	3	2	full_redraw	76	64825
V3	3	2	full_redraw	77	65712
V3	3	2	full_redraw	78	67383
V3	3	2	full_redraw	79	58954
V3	3	2	full_redraw	80	55779
V3	3	2	full_redraw	81	55750
V3	3	2	full_redraw	82	55812
V3	3	2	full_redraw	83	55775
V3	3	2	full_redraw	84	55670
V3	3	2	full_redraw	85	55779
V3	3	2	full_redraw	86	55754
V3	3	2	full_redraw	87	55800
V3	3	2	full_redraw	88	55820
V3	3	2	full_redraw	89	55983
V3	3	2	full_redraw	90	55654
V3	3	2	full_redraw	91	55733
V3	3	2	full_redraw	92	56262
V3	3	2	full_redraw	93	56091
V3	3	2	full_redraw	94	55879
V3	3	2	full_redraw	95	56162
V3	3	2	full_redraw	96	57420
V3	3	2	full_redraw	97	56016
V3	3	2	full_redraw	98	64445
V3	3	2	full_redraw	99	65650
V3	3	2	full_redraw	100	63691
